product_id,product_name,units_sold,lifetime_revenue
PROD-00211,Urban Office Nulla,94,119834.07
PROD-00158,Summit Comics Ab,81,102701.74
PROD-00236,Nexa Office Voluptatem,95,99375.81
PROD-00043,Urban Accessories Aperiam,69,94145.02
PROD-00022,Mira Academic Mollitia,76,88071.25
PROD-00167,Mira Office Facere,77,87413.82
PROD-00160,River Dining Quas,77,82905.05
PROD-00130,Urban Educational Harum,62,81701.88
PROD-00288,Urban  Makeup  Nisi,86,80736.43
PROD-00170,Mira Seasonal Facere,68,80167.19
PROD-00290,Nova Office Sed,81,79743.69
PROD-00027,Apex Wellness Minima,68,77572.57
PROD-00293,Apex Accessories Libero,89,76974.47
PROD-00067,Nova Plush Molestiae,70,76541.82
PROD-00234,Bright Haircare Amet,64,75952.76
PROD-00231,Summit Men Repellendus,69,75895.21
PROD-00026,Summit Technology Optio,62,75841.54
PROD-00024,Summit Bedding Vel,73,74823.06
PROD-00138,Mira Stem Ipsa,66,74077.69
PROD-00270,Urban Wearables Ab,75,73642.33
PROD-00090,Orbit Plush Natus,52,73238.43
PROD-00045,Urban Laptop Cumque,73,72736.14
PROD-00248,Orbit Women Nesciunt,89,72359.01
PROD-00062,Nova Storage Quas,83,72319.49
PROD-00213,Summit Outdoor Similique,69,71916.87
PROD-00208,Summit Academic Placeat,64,71268.42
PROD-00112,Nova Seasonal Soluta,64,70934.48
PROD-00142,Mira Fitness Cumque,70,70739.28
PROD-00072,Apex Educational Ad,79,69511.24
PROD-00200,Nexa Footwear Illo,71,69284.15
PROD-00259,Apex Wellness Minima,71,69067.99
PROD-00241,River Audio Natus,66,68969.43
PROD-00269,Urban Bedroom Cum,68,68683.38
PROD-00071,Summit Wellness Dolorem,49,68209.3
PROD-00201,River Storage Porro,69,68178.07
PROD-00221,River Stem Aliquam,50,68174.2
PROD-00100,Orbit Living Room Ratione,73,68085.55
PROD-00226,Mira Laptop Repellat,78,67999.75
PROD-00287,Mira Kids Similique,61,67899.05
PROD-00103,Zenith Footwear Recusandae,58,67762.35
PROD-00238,Mira Indoor Nihil,49,67721.04
PROD-00145,River Haircare Tenetur,61,67237.05
PROD-00245,Zenith Technology Optio,54,67071.2
PROD-00079,Nexa Accessories Aspernatur,66,66940.82
PROD-00073,Nova Decor Tenetur,59,66461.22
PROD-00194,Nexa Stem Fuga,71,65473.23
PROD-00030,River Makeup Voluptatem,55,64997.65
PROD-00261,Bright Fitness Fuga,70,64727.76
PROD-00114,River Outdoor Fugit,70,64337.5
PROD-00121,Mira Skincare Doloribus,47,64079.32
PROD-00256,Orbit Wellness Veniam,70,64074.15
PROD-00225,Nexa Kitchen Illum,47,64028.14
PROD-00001,Orbit  Outdoor  Minima,67,63982.35
PROD-00177,Zenith Fragrance Cum,61,63763.19
PROD-00048,Nova Plush Dolorem,62,63549.02
PROD-00189,Apex Self-Help Nam,65,63246.65
PROD-00280,Apex Fiction Dolore,66,63229.53
PROD-00081,Nexa Fitness Deleniti,59,63226.34
PROD-00289,Apex Women Totam,43,61704.52
PROD-00166,Nova  Accessories  Beatae,60,61497.01
PROD-00296,Summit Decor Ad,61,61009.37
PROD-00159,Mira Fiction Dolore,58,60955.22
PROD-00041,River Fitness Voluptates,73,60082.97
PROD-00250,Nexa Plush Ipsum,50,59763.08
PROD-00003,Bright Men Voluptate,54,59528.65
PROD-00091,Mira Living Room Eligendi,43,59381.09
PROD-00182,River Audio Quos,56,59360.06
PROD-00110,River Seasonal Officia,55,59356.99
PROD-00176,Mira Wearables Quos,61,59129.65
PROD-00033,Apex Audio Sit,64,58598.46
PROD-00171,River Footwear Eius,60,58551.52
PROD-00089,Bright Footwear Minus,63,58485.26
PROD-00019,Nova Skincare Alias,59,58082.32
PROD-00120,River Women Cum,43,58018.36
PROD-00247,Nexa  Women  Modi,73,57839.61
PROD-00099,Summit Haircare Ullam,53,57634.39
PROD-00135,Urban Accessories Ea,47,57558.24
PROD-00016,Urban Accessories Quibusdam,39,57088.03
PROD-00094,Mira Storage Ea,47,56913.43
PROD-00060,Bright Dining Et,64,56866.83
PROD-00044,River Lighting Velit,54,56689.75
PROD-00260,Nova Storage Ad,49,56237.54
PROD-00195,Zenith Self-Help Nobis,59,56180.92
PROD-00032,River Fiction Dolorum,56,56176.58
PROD-00206,Apex  Fitness  Facilis,66,55954.51
PROD-00199,River Wearables Alias,48,55664.13
PROD-00083,Urban  Makeup  Atque,58,55380.22
PROD-00104,Nova Wellness Non,53,55331.78
PROD-00014,Orbit Plush Debitis,53,55324.15
PROD-00131,Summit Bedding Ab,60,55247.56
PROD-00265,Bright Comics Itaque,57,55240.71
PROD-00292,River Audio Illo,49,55102.94
PROD-00141,Apex Decor Possimus,52,54996.47
PROD-00252,Apex Academic Dolorum,52,54252.22
PROD-00281,Mira Bedroom Porro,57,54155.92
PROD-00058,Zenith Indoor Quae,53,54009.65
PROD-00004,Summit Accessories Vitae,60,53397.37
PROD-00286,Apex Educational Occaecati,60,53374.12
PROD-00161,River Kitchen Quibusdam,58,53309.15
PROD-00185,Orbit Educational Alias,55,53268.0
PROD-00082,River Skincare Distinctio,53,52829.54
PROD-00149,Bright Plush Omnis,41,52792.28
PROD-00282,Orbit Outdoor Minima,54,52393.75
PROD-00034,River Accessories Quas,42,52298.58
PROD-00087,Orbit Plush In,44,52196.99
PROD-00169,Nexa Comics Velit,51,52044.66
PROD-00010,Zenith Comics Ipsam,40,51988.88
PROD-00298,Zenith Office A,56,51440.53
PROD-00144,Urban Comics Fugiat,57,51393.6
PROD-00203,Apex Bedroom Itaque,62,51364.56
PROD-00264,River Lighting Cum,42,51054.1
PROD-00117,Zenith Wellness Ut,49,51005.53
PROD-00015,River Fragrance Temporibus,52,50980.12
PROD-00191,Nexa Indoor Officiis,52,50887.75
PROD-00216,River Audio Eligendi,39,50704.0
PROD-00124,Summit  Accessories  Velit,43,50582.56
PROD-00088,Zenith Wellness Voluptatum,60,50545.74
PROD-00297,Nexa Men Sit,63,50239.29
PROD-00040,Urban Fiction Dignissimos,50,50056.08
PROD-00065,Mira Women Aperiam,57,50052.9
PROD-00097,Bright Fiction Necessitatibus,55,49995.25
PROD-00257,Apex Wearables Dolore,54,49981.04
PROD-00021,River Kitchen Architecto,47,49872.89
PROD-00109,Nexa Indoor Accusantium,55,49692.14
PROD-00056,Zenith Technology Nam,48,49634.55
PROD-00271,Orbit Audio In,50,49472.09
PROD-00008,Zenith Wearables Eaque,44,49466.89
PROD-00005,Orbit Wellness Fuga,40,49425.21
PROD-00240,Zenith Wellness Perspiciatis,42,49129.88
PROD-00002,Orbit Office Odio,58,49124.79
PROD-00134,Summit Haircare Ut,57,49053.11
PROD-00123,River Bedding Natus,50,48984.75
PROD-00012,Orbit Lighting Voluptate,41,48760.85
PROD-00192,Urban Living Room Modi,56,48733.27
PROD-00150,Summit Kids Beatae,49,48584.55
PROD-00092,Apex Footwear Doloribus,56,48554.39
PROD-00155,Mira Office Perspiciatis,46,48426.49
PROD-00246,Bright Haircare Consequuntur,63,48273.72
PROD-00063,Summit Men Fugit,40,48268.56
PROD-00096,Nova Office Suscipit,43,48153.24
PROD-00228,Zenith Lighting Corporis,46,48048.68
PROD-00050,Zenith Men Corporis,59,48008.56
PROD-00232,River Outdoor Omnis,47,47883.68
PROD-00084,Zenith Storage Blanditiis,52,47773.84
PROD-00210,Nova Fitness Nostrum,44,47468.93
PROD-00007,Bright Educational Deserunt,55,47231.76
PROD-00187,Nexa Stem Quisquam,43,47216.8
PROD-00143,Mira Stem Totam,52,47102.48
PROD-00267,Apex Storage Esse,53,47075.93
PROD-00093,Zenith Fitness Dignissimos,54,46702.53
PROD-00085,Apex Kitchen Odit,38,46694.94
PROD-00254,Summit Audio Quod,64,46687.94
PROD-00162,Mira Storage Maxime,55,46643.52
PROD-00277,Bright Footwear Sed,43,46566.17
PROD-00152,Bright Storage Sapiente,45,46482.96
PROD-00242,Nova Bedding Iusto,51,46322.83
PROD-00126,Orbit Cycling Doloribus,50,46317.27
PROD-00129,Bright Fragrance Et,53,46310.21
PROD-00107,River Fragrance Quam,56,46254.22
PROD-00275,River Bedding Repellendus,60,46238.03
PROD-00031,Nova Bedding Suscipit,39,46230.63
PROD-00074,Nexa Technology Optio,54,46142.28
PROD-00076,River Makeup Earum,44,46138.43
PROD-00164,River Outdoor Est,45,45947.78
PROD-00042,Apex  Outdoor  Temporibus,53,45895.71
PROD-00006,Nova Mobile Quisquam,47,45788.88
PROD-00069,Summit Fiction Autem,67,45713.52
PROD-00244,Nova Wearables Exercitationem,51,45673.35
PROD-00078,Zenith Lighting Excepturi,47,45372.76
PROD-00279,Nova Makeup Ullam,37,45231.33
PROD-00028,Orbit Technology Repellat,47,44998.65
PROD-00295,Summit Fragrance Quaerat,42,44822.43
PROD-00151,Summit Stem Recusandae,50,44697.57
PROD-00113,Apex Cycling Laboriosam,51,44541.03
PROD-00233,Apex Dining Recusandae,36,43908.12
PROD-00020,Apex Plush Perspiciatis,39,43885.88
PROD-00273,Mira Bedding Laudantium,49,43583.95
PROD-00153,Apex Living Room Dicta,46,43544.35
PROD-00061,Mira Accessories Rem,48,43230.73
PROD-00049,Summit Activity Cupiditate,47,43117.74
PROD-00105,Mira Fiction Facilis,40,42911.62
PROD-00009,River Accessories Velit,37,42903.13
PROD-00217,Zenith Comics Totam,48,42797.6
PROD-00237,Zenith Outdoor Inventore,46,42584.01
PROD-00066,Nova Haircare Blanditiis,52,42531.18
PROD-00294,Summit Technology Beatae,51,42231.34
PROD-00165,Nova  Accessories  Beatae,51,41966.41
PROD-00154,Nexa Fragrance Similique,49,41595.23
PROD-00276,River Bedding Repellendus,62,41470.66
PROD-00047,Mira Wearables Blanditiis,55,41438.34
PROD-00249,River Indoor Dolorum,46,41154.65
PROD-00011,River Women Magni,53,41092.4
PROD-00212,Nova Laptop Accusamus,38,40887.17
PROD-00196,Urban Indoor Ratione,50,40723.29
PROD-00077,Zenith Indoor Delectus,50,40383.74
PROD-00202,Mira Bedroom Porro,61,40177.04
PROD-00036,River Comics Iure,40,40011.0
PROD-00168,Bright Fiction Quis,57,39930.98
PROD-00190,Orbit Laptop Eaque,39,39705.25
PROD-00119,Nexa Makeup Quod,56,39612.06
PROD-00156,Zenith Storage Cum,41,39576.15
PROD-00178,Bright Wearables Quo,30,39554.88
PROD-00025,Nova Technology Iusto,41,39527.39
PROD-00174,Nova Kitchen Sunt,56,39449.87
PROD-00106,River Audio Quia,44,39146.93
PROD-00263,Bright Outdoor Voluptatem,36,38623.81
PROD-00137,Bright Kids Quasi,36,38426.87
PROD-00101,Urban Bedroom Minus,41,38173.87
PROD-00125,Orbit Fragrance Culpa,31,38143.97
PROD-00136,Zenith Wellness Consequuntur,41,38106.84
PROD-00179,Apex Audio Accusantium,53,38098.05
PROD-00080,Apex Wearables Velit,38,37991.53
PROD-00204,Bright Cycling Laudantium,34,37821.57
PROD-00184,Summit Accessories Amet,36,37438.85
PROD-00054,Orbit Outdoor Odit,29,37174.57
PROD-00122,Bright Mobile Labore,45,36437.24
PROD-00218,Summit Fitness Vero,24,36369.88
PROD-00284,Urban Self-Help Temporibus,42,35949.21
PROD-00163,Nova Self-Help Odit,36,35836.01
PROD-00070,Bright Living Room Odit,35,35629.7
PROD-00086,Summit Plush Deleniti,49,35620.84
PROD-00017,Urban Comics Quo,37,35217.12
PROD-00229,Nexa Women Omnis,32,35169.24
PROD-00139,Orbit Living Room Harum,32,35058.51
PROD-00055,Zenith Technology Nam,44,34815.08
PROD-00035,Nexa Fragrance Dolores,43,34460.71
PROD-00243,River Decor Sequi,39,34408.96
PROD-00148,Nova Mobile Rerum,44,34153.56
PROD-00132,Nexa Academic Culpa,29,33840.0
PROD-00039,Apex Living Room A,31,33779.12
PROD-00235,Nova Accessories Atque,34,33717.95
PROD-00268,Summit Fiction Praesentium,43,33661.23
PROD-00209,Mira Fragrance Deleniti,34,33630.81
PROD-00215,Summit Bedroom Quaerat,43,33219.04
PROD-00095,River Men Atque,38,33022.62
PROD-00052,Mira Fragrance Doloribus,33,32754.89
PROD-00108,Urban Skincare Sint,32,32724.35
PROD-00220,River Stem Aliquam,37,32167.06
PROD-00175,Orbit Accessories Necessitatibus,22,31914.74
PROD-00128,Nova Bedding Excepturi,32,31375.66
PROD-00285,Summit Audio Rerum,29,31034.81
PROD-00133,Urban Comics Dolore,38,30983.32
PROD-00140,Urban Laptop Voluptas,40,30827.97
PROD-00186,Orbit Indoor Cum,26,30248.2
PROD-00230,River Kids Eligendi,31,30059.31
PROD-00193,Nova Storage Voluptate,28,29853.98
PROD-00180,Nexa Women Ratione,34,29829.51
PROD-00046,Nexa Audio Officia,31,29467.57
PROD-00266,Nexa Stem Dolores,47,29231.51
PROD-00222,Nexa Bedding Nihil,47,29154.83
PROD-00037,River Storage Iure,31,28275.63
PROD-00253,Apex Skincare Voluptatibus,31,28242.43
PROD-00051,River Skincare Officiis,27,27918.2
PROD-00013,Mira Women Ipsam,23,27652.76
PROD-00205,Nova Fragrance Magnam,24,27648.58
PROD-00183,Urban Kids Architecto,29,27540.02
PROD-00098,Mira Plush Amet,44,27393.19
PROD-00283,Summit Bedding Sapiente,38,27368.14
PROD-00146,River Fiction Repellendus,35,27318.95
PROD-00188,Nova Wellness Nihil,27,27055.52
PROD-00127,Mira Makeup Quis,35,26928.22
PROD-00299,River Accessories Reprehenderit,24,26856.69
PROD-00255,Bright Lighting Earum,33,26374.67
PROD-00181,Bright Academic Quo,37,26270.33
PROD-00111,River Seasonal Officia,37,26184.9
PROD-00057,Mira Women Aut,26,25882.35
PROD-00029,Apex Plush Possimus,33,25777.73
PROD-00115,River Plush Accusamus,35,25201.84
PROD-00173,Zenith Accessories Quidem,41,24896.38
PROD-00102,Orbit Wearables Alias,40,24538.87
PROD-00023,Urban Outdoor Officia,35,24372.39
PROD-00227,Nova Stem Libero,30,24128.46
PROD-00300,River Academic Voluptatum,29,24043.4
PROD-00291,Mira Academic Minima,32,24000.1
PROD-00197,Bright Skincare Adipisci,39,23796.59
PROD-00172,Bright Wearables Neque,38,23063.85
PROD-00278,River Wearables Dolorum,35,22940.17
PROD-00068,Orbit Bedroom Ipsam,21,22869.94
PROD-00251,Urban Decor Vel,21,22855.06
PROD-00262,Orbit Activity Beatae,21,21626.32
PROD-00075,Bright Living Room Sequi,21,21431.76
PROD-00059,Orbit Outdoor Consequuntur,21,21383.07
PROD-00258,Zenith Women Quas,17,21205.54
PROD-00116,Nova Wellness Atque,34,21016.9
PROD-00118,River Skincare Maxime,30,20779.22
PROD-00198,Zenith Kids Unde,32,19965.34
PROD-00214,Nova Dining Velit,20,19906.42
PROD-00219,Zenith Wearables Molestiae,23,19515.98
PROD-00272,Nexa Accessories Quisquam,31,19199.57
PROD-00157,Urban Indoor Qui,31,18768.33
PROD-00064,Apex Men Natus,30,18489.13
PROD-00223,Summit Haircare Occaecati,15,17962.48
PROD-00147,Apex Indoor At,24,17253.68
PROD-00207,Zenith Laptop Minus,23,16550.66
PROD-00018,Zenith Haircare Eius,21,16149.69
PROD-00053,Bright Technology Molestiae,24,15764.21
PROD-00274,River Women Dolorem,26,13744.39
PROD-00239,Zenith Audio Explicabo,22,11202.68
PROD-00224,Nexa Decor Dolor,8,10846.54
PROD-00038,Bright Audio Beatae,12,10084.71
