sales_month,product_id,product_name,revenue
2020-01,PROD-00210,Nova Fitness Nostrum,15818.3
2020-01,PROD-00130,Urban Educational Harum,15427.02
2020-01,PROD-00263,Bright Outdoor Voluptatem,11261.92
2020-01,PROD-00225,Nexa Kitchen Illum,9073.05
2020-01,PROD-00286,Apex Educational Occaecati,8532.44
2020-01,PROD-00069,Summit Fiction Autem,8496.45
2020-01,PROD-00281,Mira Bedroom Porro,8264.0
2020-01,PROD-00162,Mira Storage Maxime,7872.94
2020-01,PROD-00277,Bright Footwear Sed,7799.23
2020-01,PROD-00015,River Fragrance Temporibus,7676.17
2020-02,PROD-00114,River Outdoor Fugit,15157.62
2020-02,PROD-00146,River Fiction Repellendus,12426.66
2020-02,PROD-00043,Urban Accessories Aperiam,10695.16
2020-02,PROD-00265,Bright Comics Itaque,9697.72
2020-02,PROD-00292,River Audio Illo,9455.43
2020-02,PROD-00160,River Dining Quas,7436.83
2020-02,PROD-00086,Summit Plush Deleniti,7153.9
2020-02,PROD-00231,Summit Men Repellendus,5881.44
2020-02,PROD-00081,Nexa Fitness Deleniti,5642.15
2020-02,PROD-00079,Nexa Accessories Aspernatur,5238.06
2020-03,PROD-00041,River Fitness Voluptates,17148.05
2020-03,PROD-00216,River Audio Eligendi,15817.71
2020-03,PROD-00241,River Audio Natus,13059.78
2020-03,PROD-00293,Apex Accessories Libero,12126.97
2020-03,PROD-00039,Apex Living Room A,11207.69
2020-03,PROD-00282,Orbit Outdoor Minima,8440.92
2020-03,PROD-00232,River Outdoor Omnis,8022.97
2020-03,PROD-00134,Summit Haircare Ut,7869.53
2020-03,PROD-00071,Summit Wellness Dolorem,7010.68
2020-03,PROD-00001,Orbit  Outdoor  Minima,6905.89
2020-04,PROD-00073,Nova Decor Tenetur,14522.99
2020-04,PROD-00221,River Stem Aliquam,13774.08
2020-04,PROD-00154,Nexa Fragrance Similique,9685.32
2020-04,PROD-00250,Nexa Plush Ipsum,8948.49
2020-04,PROD-00028,Orbit Technology Repellat,7903.39
2020-04,PROD-00240,Zenith Wellness Perspiciatis,7548.3
2020-04,PROD-00246,Bright Haircare Consequuntur,7441.95
2020-04,PROD-00122,Bright Mobile Labore,6538.56
2020-04,PROD-00279,Nova Makeup Ullam,6366.01
2020-04,PROD-00034,River Accessories Quas,6147.49
2020-05,PROD-00138,Mira Stem Ipsa,10589.52
2020-05,PROD-00240,Zenith Wellness Perspiciatis,10476.3
2020-05,PROD-00060,Bright Dining Et,9569.21
2020-05,PROD-00275,River Bedding Repellendus,9331.6
2020-05,PROD-00158,Summit Comics Ab,9331.19
2020-05,PROD-00219,Zenith Wearables Molestiae,9233.92
2020-05,PROD-00162,Mira Storage Maxime,9078.67
2020-05,PROD-00031,Nova Bedding Suscipit,9071.21
2020-05,PROD-00043,Urban Accessories Aperiam,8238.69
2020-05,PROD-00026,Summit Technology Optio,7979.79
2020-06,PROD-00112,Nova Seasonal Soluta,9777.2
2020-06,PROD-00166,Nova  Accessories  Beatae,9380.35
2020-06,PROD-00268,Summit Fiction Praesentium,9074.67
2020-06,PROD-00050,Zenith Men Corporis,8346.45
2020-06,PROD-00095,River Men Atque,8119.74
2020-06,PROD-00225,Nexa Kitchen Illum,7787.83
2020-06,PROD-00265,Bright Comics Itaque,7258.09
2020-06,PROD-00181,Bright Academic Quo,6045.44
2020-06,PROD-00118,River Skincare Maxime,5736.62
2020-06,PROD-00199,River Wearables Alias,4988.44
2020-07,PROD-00117,Zenith Wellness Ut,15388.52
2020-07,PROD-00164,River Outdoor Est,11629.56
2020-07,PROD-00253,Apex Skincare Voluptatibus,11168.23
2020-07,PROD-00201,River Storage Porro,9432.99
2020-07,PROD-00047,Mira Wearables Blanditiis,9011.7
2020-07,PROD-00158,Summit Comics Ab,7489.06
2020-07,PROD-00006,Nova Mobile Quisquam,7185.66
2020-07,PROD-00043,Urban Accessories Aperiam,7013.01
2020-07,PROD-00093,Zenith Fitness Dignissimos,6749.82
2020-07,PROD-00091,Mira Living Room Eligendi,6690.46
2020-08,PROD-00045,Urban Laptop Cumque,5786.03
2020-08,PROD-00206,Apex  Fitness  Facilis,5775.77
2020-08,PROD-00081,Nexa Fitness Deleniti,4980.88
2020-08,PROD-00090,Orbit Plush Natus,4398.89
2020-08,PROD-00187,Nexa Stem Quisquam,3940.32
2020-08,PROD-00021,River Kitchen Architecto,3930.26
2020-08,PROD-00110,River Seasonal Officia,3602.49
2020-08,PROD-00017,Urban Comics Quo,2322.15
2020-08,PROD-00234,Bright Haircare Amet,2188.02
2020-08,PROD-00213,Summit Outdoor Similique,2145.3
2020-09,PROD-00256,Orbit Wellness Veniam,13838.51
2020-09,PROD-00078,Zenith Lighting Excepturi,8859.42
2020-09,PROD-00287,Mira Kids Similique,8141.77
2020-09,PROD-00228,Zenith Lighting Corporis,8111.45
2020-09,PROD-00034,River Accessories Quas,7417.42
2020-09,PROD-00300,River Academic Voluptatum,7153.42
2020-09,PROD-00132,Nexa Academic Culpa,6895.87
2020-09,PROD-00019,Nova Skincare Alias,6760.19
2020-09,PROD-00142,Mira Fitness Cumque,6053.16
2020-09,PROD-00158,Summit Comics Ab,5730.25
2020-10,PROD-00024,Summit Bedding Vel,18089.08
2020-10,PROD-00022,Mira Academic Mollitia,15421.6
2020-10,PROD-00123,River Bedding Natus,11095.07
2020-10,PROD-00110,River Seasonal Officia,9680.44
2020-10,PROD-00145,River Haircare Tenetur,8128.71
2020-10,PROD-00089,Bright Footwear Minus,7994.43
2020-10,PROD-00019,Nova Skincare Alias,7861.51
2020-10,PROD-00086,Summit Plush Deleniti,6007.98
2020-10,PROD-00284,Urban Self-Help Temporibus,4669.1
2020-10,PROD-00141,Apex Decor Possimus,4365.39
2020-11,PROD-00236,Nexa Office Voluptatem,14596.45
2020-11,PROD-00170,Mira Seasonal Facere,10564.01
2020-11,PROD-00188,Nova Wellness Nihil,10035.34
2020-11,PROD-00090,Orbit Plush Natus,9598.41
2020-11,PROD-00280,Apex Fiction Dolore,7820.95
2020-11,PROD-00137,Bright Kids Quasi,6493.4
2020-11,PROD-00056,Zenith Technology Nam,6462.31
2020-11,PROD-00231,Summit Men Repellendus,6178.83
2020-11,PROD-00208,Summit Academic Placeat,5937.96
2020-11,PROD-00143,Mira Stem Totam,5532.8
2020-12,PROD-00144,Urban Comics Fugiat,12780.94
2020-12,PROD-00044,River Lighting Velit,10301.77
2020-12,PROD-00002,Orbit Office Odio,10049.83
2020-12,PROD-00195,Zenith Self-Help Nobis,9518.34
2020-12,PROD-00203,Apex Bedroom Itaque,8066.49
2020-12,PROD-00261,Bright Fitness Fuga,7741.08
2020-12,PROD-00161,River Kitchen Quibusdam,6369.66
2020-12,PROD-00048,Nova Plush Dolorem,6230.41
2020-12,PROD-00205,Nova Fragrance Magnam,5966.82
2020-12,PROD-00231,Summit Men Repellendus,5947.3
2021-01,PROD-00234,Bright Haircare Amet,14771.01
2021-01,PROD-00170,Mira Seasonal Facere,12585.91
2021-01,PROD-00066,Nova Haircare Blanditiis,7199.73
2021-01,PROD-00017,Urban Comics Quo,7017.16
2021-01,PROD-00270,Urban Wearables Ab,5966.83
2021-01,PROD-00025,Nova Technology Iusto,5174.08
2021-01,PROD-00189,Apex Self-Help Nam,4898.04
2021-01,PROD-00090,Orbit Plush Natus,4854.78
2021-01,PROD-00252,Apex Academic Dolorum,4796.07
2021-01,PROD-00126,Orbit Cycling Doloribus,4563.08
2021-02,PROD-00030,River Makeup Voluptatem,14213.59
2021-02,PROD-00288,Urban  Makeup  Nisi,10024.22
2021-02,PROD-00228,Zenith Lighting Corporis,9332.27
2021-02,PROD-00244,Nova Wearables Exercitationem,8286.07
2021-02,PROD-00158,Summit Comics Ab,8101.11
2021-02,PROD-00220,River Stem Aliquam,7605.16
2021-02,PROD-00134,Summit Haircare Ut,7576.89
2021-02,PROD-00225,Nexa Kitchen Illum,6803.42
2021-02,PROD-00241,River Audio Natus,6235.45
2021-02,PROD-00036,River Comics Iure,5718.74
2021-03,PROD-00260,Nova Storage Ad,14503.5
2021-03,PROD-00142,Mira Fitness Cumque,13510.08
2021-03,PROD-00079,Nexa Accessories Aspernatur,12289.63
2021-03,PROD-00087,Orbit Plush In,12138.52
2021-03,PROD-00191,Nexa Indoor Officiis,10936.27
2021-03,PROD-00091,Mira Living Room Eligendi,10882.19
2021-03,PROD-00279,Nova Makeup Ullam,9847.42
2021-03,PROD-00183,Urban Kids Architecto,8300.92
2021-03,PROD-00006,Nova Mobile Quisquam,8115.81
2021-03,PROD-00212,Nova Laptop Accusamus,8066.55
2021-04,PROD-00293,Apex Accessories Libero,11403.83
2021-04,PROD-00101,Urban Bedroom Minus,9617.75
2021-04,PROD-00160,River Dining Quas,8144.94
2021-04,PROD-00102,Orbit Wearables Alias,6801.87
2021-04,PROD-00087,Orbit Plush In,6238.49
2021-04,PROD-00290,Nova Office Sed,5542.59
2021-04,PROD-00039,Apex Living Room A,5476.99
2021-04,PROD-00085,Apex Kitchen Odit,4937.41
2021-04,PROD-00061,Mira Accessories Rem,4452.14
2021-04,PROD-00089,Bright Footwear Minus,4215.28
2021-05,PROD-00049,Summit Activity Cupiditate,16009.31
2021-05,PROD-00176,Mira Wearables Quos,15584.27
2021-05,PROD-00071,Summit Wellness Dolorem,15243.53
2021-05,PROD-00167,Mira Office Facere,10627.21
2021-05,PROD-00208,Summit Academic Placeat,8468.49
2021-05,PROD-00006,Nova Mobile Quisquam,8108.47
2021-05,PROD-00216,River Audio Eligendi,7820.63
2021-05,PROD-00211,Urban Office Nulla,7723.63
2021-05,PROD-00255,Bright Lighting Earum,7493.95
2021-05,PROD-00166,Nova  Accessories  Beatae,7431.07
2021-06,PROD-00238,Mira Indoor Nihil,13609.9
2021-06,PROD-00210,Nova Fitness Nostrum,12386.44
2021-06,PROD-00080,Apex Wearables Velit,9559.24
2021-06,PROD-00065,Mira Women Aperiam,9433.26
2021-06,PROD-00180,Nexa Women Ratione,9267.38
2021-06,PROD-00006,Nova Mobile Quisquam,9131.85
2021-06,PROD-00275,River Bedding Repellendus,8844.22
2021-06,PROD-00177,Zenith Fragrance Cum,8227.78
2021-06,PROD-00037,River Storage Iure,6643.44
2021-06,PROD-00284,Urban Self-Help Temporibus,6608.52
2021-07,PROD-00258,Zenith Women Quas,12832.82
2021-07,PROD-00026,Summit Technology Optio,11466.26
2021-07,PROD-00296,Summit Decor Ad,10406.25
2021-07,PROD-00276,River Bedding Repellendus,9963.33
2021-07,PROD-00176,Mira Wearables Quos,9909.11
2021-07,PROD-00282,Orbit Outdoor Minima,9522.48
2021-07,PROD-00130,Urban Educational Harum,8879.46
2021-07,PROD-00252,Apex Academic Dolorum,7775.76
2021-07,PROD-00048,Nova Plush Dolorem,7140.45
2021-07,PROD-00188,Nova Wellness Nihil,6489.75
2021-08,PROD-00248,Orbit Women Nesciunt,11936.47
2021-08,PROD-00124,Summit  Accessories  Velit,11881.02
2021-08,PROD-00063,Summit Men Fugit,11845.69
2021-08,PROD-00280,Apex Fiction Dolore,10384.68
2021-08,PROD-00128,Nova Bedding Excepturi,8921.04
2021-08,PROD-00127,Mira Makeup Quis,8730.29
2021-08,PROD-00276,River Bedding Repellendus,8563.62
2021-08,PROD-00296,Summit Decor Ad,8522.35
2021-08,PROD-00004,Summit Accessories Vitae,6858.79
2021-08,PROD-00072,Apex Educational Ad,6825.78
2021-09,PROD-00138,Mira Stem Ipsa,13064.63
2021-09,PROD-00211,Urban Office Nulla,12821.72
2021-09,PROD-00063,Summit Men Fugit,12780.12
2021-09,PROD-00230,River Kids Eligendi,12353.77
2021-09,PROD-00194,Nexa Stem Fuga,10205.31
2021-09,PROD-00169,Nexa Comics Velit,9688.47
2021-09,PROD-00012,Orbit Lighting Voluptate,9617.96
2021-09,PROD-00167,Mira Office Facere,9231.43
2021-09,PROD-00264,River Lighting Cum,8905.82
2021-09,PROD-00205,Nova Fragrance Magnam,8756.96
2021-10,PROD-00103,Zenith Footwear Recusandae,14337.73
2021-10,PROD-00163,Nova Self-Help Odit,12824.69
2021-10,PROD-00165,Nova  Accessories  Beatae,8307.27
2021-10,PROD-00045,Urban Laptop Cumque,6758.91
2021-10,PROD-00270,Urban Wearables Ab,6502.09
2021-10,PROD-00288,Urban  Makeup  Nisi,6319.27
2021-10,PROD-00072,Apex Educational Ad,5966.64
2021-10,PROD-00112,Nova Seasonal Soluta,5751.99
2021-10,PROD-00082,River Skincare Distinctio,5707.15
2021-10,PROD-00153,Apex Living Room Dicta,5594.04
2021-11,PROD-00206,Apex  Fitness  Facilis,10290.57
2021-11,PROD-00027,Apex Wellness Minima,9112.7
2021-11,PROD-00255,Bright Lighting Earum,7948.86
2021-11,PROD-00200,Nexa Footwear Illo,7244.81
2021-11,PROD-00089,Bright Footwear Minus,6679.36
2021-11,PROD-00032,River Fiction Dolorum,5064.6
2021-11,PROD-00270,Urban Wearables Ab,4297.38
2021-11,PROD-00189,Apex Self-Help Nam,4022.08
2021-11,PROD-00106,River Audio Quia,3357.0
2021-11,PROD-00249,River Indoor Dolorum,1741.94
2021-12,PROD-00211,Urban Office Nulla,16650.21
2021-12,PROD-00232,River Outdoor Omnis,15328.78
2021-12,PROD-00048,Nova Plush Dolorem,14686.17
2021-12,PROD-00287,Mira Kids Similique,13588.93
2021-12,PROD-00182,River Audio Quos,11282.39
2021-12,PROD-00082,River Skincare Distinctio,11139.79
2021-12,PROD-00052,Mira Fragrance Doloribus,9478.78
2021-12,PROD-00165,Nova  Accessories  Beatae,8535.67
2021-12,PROD-00093,Zenith Fitness Dignissimos,7343.02
2021-12,PROD-00246,Bright Haircare Consequuntur,6281.06
2022-01,PROD-00113,Apex Cycling Laboriosam,9410.94
2022-01,PROD-00192,Urban Living Room Modi,9347.87
2022-01,PROD-00028,Orbit Technology Repellat,8259.68
2022-01,PROD-00233,Apex Dining Recusandae,6700.62
2022-01,PROD-00200,Nexa Footwear Illo,4585.53
2022-01,PROD-00041,River Fitness Voluptates,4533.14
2022-01,PROD-00156,Zenith Storage Cum,4396.55
2022-01,PROD-00132,Nexa Academic Culpa,3544.54
2022-01,PROD-00037,River Storage Iure,3166.15
2022-01,PROD-00069,Summit Fiction Autem,2780.56
2022-02,PROD-00045,Urban Laptop Cumque,9711.19
2022-02,PROD-00153,Apex Living Room Dicta,9381.91
2022-02,PROD-00291,Mira Academic Minima,9178.67
2022-02,PROD-00097,Bright Fiction Necessitatibus,7971.87
2022-02,PROD-00224,Nexa Decor Dolor,7562.93
2022-02,PROD-00160,River Dining Quas,7008.66
2022-02,PROD-00236,Nexa Office Voluptatem,6902.15
2022-02,PROD-00201,River Storage Porro,6107.34
2022-02,PROD-00092,Apex Footwear Doloribus,5408.31
2022-02,PROD-00296,Summit Decor Ad,3998.75
2022-03,PROD-00010,Zenith Comics Ipsam,14894.55
2022-03,PROD-00270,Urban Wearables Ab,11092.37
2022-03,PROD-00145,River Haircare Tenetur,10582.88
2022-03,PROD-00286,Apex Educational Occaecati,8184.0
2022-03,PROD-00082,River Skincare Distinctio,7813.23
2022-03,PROD-00276,River Bedding Repellendus,7722.48
2022-03,PROD-00044,River Lighting Velit,6965.11
2022-03,PROD-00160,River Dining Quas,6645.01
2022-03,PROD-00267,Apex Storage Esse,6467.15
2022-03,PROD-00049,Summit Activity Cupiditate,5879.51
2022-04,PROD-00155,Mira Office Perspiciatis,16112.6
2022-04,PROD-00121,Mira Skincare Doloribus,11948.35
2022-04,PROD-00191,Nexa Indoor Officiis,10257.7
2022-04,PROD-00013,Mira Women Ipsam,6636.1
2022-04,PROD-00047,Mira Wearables Blanditiis,6087.85
2022-04,PROD-00260,Nova Storage Ad,5183.2
2022-04,PROD-00161,River Kitchen Quibusdam,4952.04
2022-04,PROD-00243,River Decor Sequi,4591.56
2022-04,PROD-00248,Orbit Women Nesciunt,4037.43
2022-04,PROD-00043,Urban Accessories Aperiam,3999.78
2022-05,PROD-00168,Bright Fiction Quis,10965.13
2022-05,PROD-00290,Nova Office Sed,9598.8
2022-05,PROD-00174,Nova Kitchen Sunt,9374.3
2022-05,PROD-00024,Summit Bedding Vel,9029.43
2022-05,PROD-00266,Nexa Stem Dolores,8999.65
2022-05,PROD-00009,River Accessories Velit,8531.36
2022-05,PROD-00144,Urban Comics Fugiat,8274.26
2022-05,PROD-00069,Summit Fiction Autem,8218.84
2022-05,PROD-00194,Nexa Stem Fuga,7122.62
2022-05,PROD-00117,Zenith Wellness Ut,6985.59
2022-06,PROD-00121,Mira Skincare Doloribus,10359.89
2022-06,PROD-00080,Apex Wearables Velit,8456.44
2022-06,PROD-00299,River Accessories Reprehenderit,7662.89
2022-06,PROD-00270,Urban Wearables Ab,7370.74
2022-06,PROD-00292,River Audio Illo,5883.08
2022-06,PROD-00282,Orbit Outdoor Minima,5840.97
2022-06,PROD-00011,River Women Magni,5804.27
2022-06,PROD-00145,River Haircare Tenetur,5552.87
2022-06,PROD-00203,Apex Bedroom Itaque,4810.65
2022-06,PROD-00247,Nexa  Women  Modi,4760.72
2022-07,PROD-00130,Urban Educational Harum,12711.17
2022-07,PROD-00021,River Kitchen Architecto,11567.54
2022-07,PROD-00003,Bright Men Voluptate,10213.0
2022-07,PROD-00001,Orbit  Outdoor  Minima,9728.43
2022-07,PROD-00247,Nexa  Women  Modi,9489.24
2022-07,PROD-00241,River Audio Natus,9328.85
2022-07,PROD-00252,Apex Academic Dolorum,8712.93
2022-07,PROD-00105,Mira Fiction Facilis,8619.68
2022-07,PROD-00093,Zenith Fitness Dignissimos,8060.15
2022-07,PROD-00190,Orbit Laptop Eaque,6815.2
2022-08,PROD-00282,Orbit Outdoor Minima,8714.4
2022-08,PROD-00002,Orbit Office Odio,8220.16
2022-08,PROD-00064,Apex Men Natus,6658.24
2022-08,PROD-00164,River Outdoor Est,6446.61
2022-08,PROD-00003,Bright Men Voluptate,5922.41
2022-08,PROD-00161,River Kitchen Quibusdam,5303.8
2022-08,PROD-00125,Orbit Fragrance Culpa,4898.73
2022-08,PROD-00071,Summit Wellness Dolorem,4844.6
2022-08,PROD-00042,Apex  Outdoor  Temporibus,4592.77
2022-08,PROD-00272,Nexa Accessories Quisquam,3515.1
2022-09,PROD-00078,Zenith Lighting Excepturi,13787.84
2022-09,PROD-00199,River Wearables Alias,13305.93
2022-09,PROD-00159,Mira Fiction Dolore,12713.63
2022-09,PROD-00139,Orbit Living Room Harum,11147.64
2022-09,PROD-00004,Summit Accessories Vitae,10787.43
2022-09,PROD-00088,Zenith Wellness Voluptatum,10608.57
2022-09,PROD-00016,Urban Accessories Quibusdam,9220.2
2022-09,PROD-00187,Nexa Stem Quisquam,8743.85
2022-09,PROD-00195,Zenith Self-Help Nobis,7361.59
2022-09,PROD-00171,River Footwear Eius,7226.73
2022-10,PROD-00269,Urban Bedroom Cum,12429.97
2022-10,PROD-00247,Nexa  Women  Modi,10595.14
2022-10,PROD-00160,River Dining Quas,10106.82
2022-10,PROD-00021,River Kitchen Architecto,9827.23
2022-10,PROD-00012,Orbit Lighting Voluptate,7916.91
2022-10,PROD-00004,Summit Accessories Vitae,7347.4
2022-10,PROD-00142,Mira Fitness Cumque,7327.58
2022-10,PROD-00049,Summit Activity Cupiditate,6420.94
2022-10,PROD-00290,Nova Office Sed,4802.21
2022-10,PROD-00119,Nexa Makeup Quod,3995.65
2022-11,PROD-00283,Summit Bedding Sapiente,10226.02
2022-11,PROD-00014,Orbit Plush Debitis,8951.25
2022-11,PROD-00062,Nova Storage Quas,8522.19
2022-11,PROD-00099,Summit Haircare Ullam,7114.92
2022-11,PROD-00019,Nova Skincare Alias,7112.59
2022-11,PROD-00215,Summit Bedroom Quaerat,6569.07
2022-11,PROD-00143,Mira Stem Totam,6502.04
2022-11,PROD-00034,River Accessories Quas,6460.62
2022-11,PROD-00275,River Bedding Repellendus,5892.68
2022-11,PROD-00260,Nova Storage Ad,5768.03
2022-12,PROD-00290,Nova Office Sed,23750.91
2022-12,PROD-00208,Summit Academic Placeat,12100.2
2022-12,PROD-00125,Orbit Fragrance Culpa,10047.9
2022-12,PROD-00150,Summit Kids Beatae,9702.49
2022-12,PROD-00259,Apex Wellness Minima,9416.34
2022-12,PROD-00169,Nexa Comics Velit,8708.15
2022-12,PROD-00226,Mira Laptop Repellat,8555.79
2022-12,PROD-00257,Apex Wearables Dolore,7706.06
2022-12,PROD-00020,Apex Plush Perspiciatis,7632.12
2022-12,PROD-00233,Apex Dining Recusandae,7629.61
2023-01,PROD-00273,Mira Bedding Laudantium,16678.42
2023-01,PROD-00125,Orbit Fragrance Culpa,15199.97
2023-01,PROD-00226,Mira Laptop Repellat,12307.44
2023-01,PROD-00135,Urban Accessories Ea,10819.88
2023-01,PROD-00121,Mira Skincare Doloribus,10154.54
2023-01,PROD-00054,Orbit Outdoor Odit,9556.47
2023-01,PROD-00046,Nexa Audio Officia,8999.76
2023-01,PROD-00132,Nexa Academic Culpa,6507.25
2023-01,PROD-00044,River Lighting Velit,6385.43
2023-01,PROD-00110,River Seasonal Officia,6146.24
2023-02,PROD-00071,Summit Wellness Dolorem,14996.31
2023-02,PROD-00241,River Audio Natus,13956.45
2023-02,PROD-00081,Nexa Fitness Deleniti,12541.13
2023-02,PROD-00295,Summit Fragrance Quaerat,11936.95
2023-02,PROD-00189,Apex Self-Help Nam,7866.13
2023-02,PROD-00061,Mira Accessories Rem,6421.92
2023-02,PROD-00120,River Women Cum,6399.01
2023-02,PROD-00155,Mira Office Perspiciatis,5505.59
2023-02,PROD-00273,Mira Bedding Laudantium,4945.12
2023-02,PROD-00149,Bright Plush Omnis,4868.89
2023-03,PROD-00245,Zenith Technology Optio,21153.05
2023-03,PROD-00270,Urban Wearables Ab,14980.54
2023-03,PROD-00213,Summit Outdoor Similique,13584.72
2023-03,PROD-00200,Nexa Footwear Illo,13215.36
2023-03,PROD-00187,Nexa Stem Quisquam,11746.6
2023-03,PROD-00299,River Accessories Reprehenderit,10883.18
2023-03,PROD-00151,Summit Stem Recusandae,10365.17
2023-03,PROD-00074,Nexa Technology Optio,9407.95
2023-03,PROD-00056,Zenith Technology Nam,7778.66
2023-03,PROD-00110,River Seasonal Officia,7652.75
2023-04,PROD-00126,Orbit Cycling Doloribus,13521.7
2023-04,PROD-00043,Urban Accessories Aperiam,11993.95
2023-04,PROD-00231,Summit Men Repellendus,11678.95
2023-04,PROD-00120,River Women Cum,11340.33
2023-04,PROD-00103,Zenith Footwear Recusandae,10923.85
2023-04,PROD-00289,Apex Women Totam,10175.56
2023-04,PROD-00015,River Fragrance Temporibus,9991.35
2023-04,PROD-00233,Apex Dining Recusandae,9750.95
2023-04,PROD-00124,Summit  Accessories  Velit,9185.58
2023-04,PROD-00131,Summit Bedding Ab,8446.22
2023-05,PROD-00245,Zenith Technology Optio,10979.96
2023-05,PROD-00020,Apex Plush Perspiciatis,9581.51
2023-05,PROD-00067,Nova Plush Molestiae,8136.48
2023-05,PROD-00202,Mira Bedroom Porro,8116.23
2023-05,PROD-00108,Urban Skincare Sint,6823.29
2023-05,PROD-00047,Mira Wearables Blanditiis,4254.43
2023-05,PROD-00034,River Accessories Quas,4130.4
2023-05,PROD-00203,Apex Bedroom Itaque,4059.25
2023-05,PROD-00100,Orbit Living Room Ratione,3668.37
2023-05,PROD-00199,River Wearables Alias,3516.64
2023-06,PROD-00090,Orbit Plush Natus,9098.72
2023-06,PROD-00229,Nexa Women Omnis,8479.57
2023-06,PROD-00197,Bright Skincare Adipisci,8023.69
2023-06,PROD-00228,Zenith Lighting Corporis,6965.69
2023-06,PROD-00190,Orbit Laptop Eaque,6857.9
2023-06,PROD-00074,Nexa Technology Optio,6597.03
2023-06,PROD-00201,River Storage Porro,6481.5
2023-06,PROD-00019,Nova Skincare Alias,6014.22
2023-06,PROD-00280,Apex Fiction Dolore,5942.11
2023-06,PROD-00259,Apex Wellness Minima,5629.91
2023-07,PROD-00170,Mira Seasonal Facere,15445.32
2023-07,PROD-00016,Urban Accessories Quibusdam,15243.57
2023-07,PROD-00073,Nova Decor Tenetur,14474.76
2023-07,PROD-00010,Zenith Comics Ipsam,12116.12
2023-07,PROD-00034,River Accessories Quas,10610.16
2023-07,PROD-00031,Nova Bedding Suscipit,9865.98
2023-07,PROD-00221,River Stem Aliquam,9824.54
2023-07,PROD-00160,River Dining Quas,8800.57
2023-07,PROD-00035,Nexa Fragrance Dolores,8358.73
2023-07,PROD-00009,River Accessories Velit,8315.61
2023-08,PROD-00081,Nexa Fitness Deleniti,16278.4
2023-08,PROD-00005,Orbit Wellness Fuga,12474.44
2023-08,PROD-00263,Bright Outdoor Voluptatem,10315.12
2023-08,PROD-00235,Nova Accessories Atque,8305.43
2023-08,PROD-00289,Apex Women Totam,7307.28
2023-08,PROD-00167,Mira Office Facere,7160.32
2023-08,PROD-00182,River Audio Quos,6958.12
2023-08,PROD-00130,Urban Educational Harum,6655.2
2023-08,PROD-00017,Urban Comics Quo,6205.81
2023-08,PROD-00033,Apex Audio Sit,5971.34
2023-09,PROD-00159,Mira Fiction Dolore,13275.53
2023-09,PROD-00019,Nova Skincare Alias,11576.7
2023-09,PROD-00084,Zenith Storage Blanditiis,10021.4
2023-09,PROD-00155,Mira Office Perspiciatis,6681.25
2023-09,PROD-00254,Summit Audio Quod,6438.66
2023-09,PROD-00287,Mira Kids Similique,6358.98
2023-09,PROD-00079,Nexa Accessories Aspernatur,5833.46
2023-09,PROD-00270,Urban Wearables Ab,5087.28
2023-09,PROD-00052,Mira Fragrance Doloribus,4945.72
2023-09,PROD-00243,River Decor Sequi,4274.27
2023-10,PROD-00234,Bright Haircare Amet,12857.43
2023-10,PROD-00236,Nexa Office Voluptatem,10593.9
2023-10,PROD-00112,Nova Seasonal Soluta,9911.82
2023-10,PROD-00114,River Outdoor Fugit,9825.54
2023-10,PROD-00179,Apex Audio Accusantium,8762.25
2023-10,PROD-00129,Bright Fragrance Et,8741.92
2023-10,PROD-00014,Orbit Plush Debitis,8359.53
2023-10,PROD-00057,Mira Women Aut,8159.95
2023-10,PROD-00122,Bright Mobile Labore,7918.68
2023-10,PROD-00199,River Wearables Alias,7389.11
2023-11,PROD-00067,Nova Plush Molestiae,13936.98
2023-11,PROD-00234,Bright Haircare Amet,8516.2
2023-11,PROD-00007,Bright Educational Deserunt,5665.41
2023-11,PROD-00028,Orbit Technology Repellat,5342.05
2023-11,PROD-00120,River Women Cum,5008.25
2023-11,PROD-00142,Mira Fitness Cumque,4746.58
2023-11,PROD-00155,Mira Office Perspiciatis,4541.61
2023-11,PROD-00227,Nova Stem Libero,4464.32
2023-11,PROD-00058,Zenith Indoor Quae,3672.09
2023-11,PROD-00050,Zenith Men Corporis,2770.94
2023-12,PROD-00085,Apex Kitchen Odit,14353.64
2023-12,PROD-00135,Urban Accessories Ea,12534.72
2023-12,PROD-00244,Nova Wearables Exercitationem,11401.77
2023-12,PROD-00170,Mira Seasonal Facere,10870.86
2023-12,PROD-00096,Nova Office Suscipit,9717.93
2023-12,PROD-00292,River Audio Illo,9228.21
2023-12,PROD-00005,Orbit Wellness Fuga,8643.54
2023-12,PROD-00090,Orbit Plush Natus,7512.08
2023-12,PROD-00050,Zenith Men Corporis,7125.32
2023-12,PROD-00181,Bright Academic Quo,6321.41
2024-01,PROD-00026,Summit Technology Optio,10730.4
2024-01,PROD-00083,Urban  Makeup  Atque,10599.76
2024-01,PROD-00131,Summit Bedding Ab,8265.61
2024-01,PROD-00027,Apex Wellness Minima,7979.5
2024-01,PROD-00096,Nova Office Suscipit,7741.12
2024-01,PROD-00100,Orbit Living Room Ratione,7299.22
2024-01,PROD-00199,River Wearables Alias,7143.69
2024-01,PROD-00136,Zenith Wellness Consequuntur,6797.15
2024-01,PROD-00020,Apex Plush Perspiciatis,6026.85
2024-01,PROD-00106,River Audio Quia,4876.35
2024-02,PROD-00211,Urban Office Nulla,16238.2
2024-02,PROD-00297,Nexa Men Sit,16190.61
2024-02,PROD-00226,Mira Laptop Repellat,13788.9
2024-02,PROD-00130,Urban Educational Harum,12747.41
2024-02,PROD-00059,Orbit Outdoor Consequuntur,10029.77
2024-02,PROD-00153,Apex Living Room Dicta,9015.93
2024-02,PROD-00004,Summit Accessories Vitae,8915.13
2024-02,PROD-00045,Urban Laptop Cumque,8672.5
2024-02,PROD-00287,Mira Kids Similique,8529.73
2024-02,PROD-00112,Nova Seasonal Soluta,8495.91
2024-03,PROD-00031,Nova Bedding Suscipit,15723.89
2024-03,PROD-00145,River Haircare Tenetur,11919.71
2024-03,PROD-00022,Mira Academic Mollitia,10097.27
2024-03,PROD-00184,Summit Accessories Amet,9757.03
2024-03,PROD-00089,Bright Footwear Minus,9256.08
2024-03,PROD-00223,Summit Haircare Occaecati,8132.59
2024-03,PROD-00156,Zenith Storage Cum,7955.86
2024-03,PROD-00205,Nova Fragrance Magnam,7667.83
2024-03,PROD-00068,Orbit Bedroom Ipsam,7449.49
2024-03,PROD-00191,Nexa Indoor Officiis,7228.12
2024-04,PROD-00083,Urban  Makeup  Atque,10361.35
2024-04,PROD-00027,Apex Wellness Minima,9084.54
2024-04,PROD-00042,Apex  Outdoor  Temporibus,8721.37
2024-04,PROD-00008,Zenith Wearables Eaque,8486.54
2024-04,PROD-00025,Nova Technology Iusto,8081.16
2024-04,PROD-00206,Apex  Fitness  Facilis,8052.61
2024-04,PROD-00296,Summit Decor Ad,7543.03
2024-04,PROD-00055,Zenith Technology Nam,6634.37
2024-04,PROD-00104,Nova Wellness Non,5342.45
2024-04,PROD-00035,Nexa Fragrance Dolores,5047.43
2024-05,PROD-00150,Summit Kids Beatae,14090.2
2024-05,PROD-00225,Nexa Kitchen Illum,10212.24
2024-05,PROD-00063,Summit Men Fugit,9393.35
2024-05,PROD-00044,River Lighting Velit,9031.56
2024-05,PROD-00004,Summit Accessories Vitae,8608.91
2024-05,PROD-00099,Summit Haircare Ullam,8491.55
2024-05,PROD-00170,Mira Seasonal Facere,8138.03
2024-05,PROD-00033,Apex Audio Sit,7309.78
2024-05,PROD-00273,Mira Bedding Laudantium,7260.91
2024-05,PROD-00220,River Stem Aliquam,6964.4
2024-06,PROD-00135,Urban Accessories Ea,15931.63
2024-06,PROD-00238,Mira Indoor Nihil,14402.67
2024-06,PROD-00072,Apex Educational Ad,11002.2
2024-06,PROD-00158,Summit Comics Ab,10160.46
2024-06,PROD-00160,River Dining Quas,9141.42
2024-06,PROD-00178,Bright Wearables Quo,8953.52
2024-06,PROD-00115,River Plush Accusamus,8806.85
2024-06,PROD-00048,Nova Plush Dolorem,7893.6
2024-06,PROD-00185,Orbit Educational Alias,6414.19
2024-06,PROD-00152,Bright Storage Sapiente,5958.72
2024-07,PROD-00051,River Skincare Officiis,14010.02
2024-07,PROD-00281,Mira Bedroom Porro,13662.26
2024-07,PROD-00120,River Women Cum,10265.76
2024-07,PROD-00022,Mira Academic Mollitia,8329.76
2024-07,PROD-00148,Nova Mobile Rerum,6355.83
2024-07,PROD-00199,River Wearables Alias,6102.03
2024-07,PROD-00030,River Makeup Voluptatem,5980.14
2024-07,PROD-00073,Nova Decor Tenetur,5443.68
2024-07,PROD-00123,River Bedding Natus,4767.97
2024-07,PROD-00229,Nexa Women Omnis,4160.22
2024-08,PROD-00090,Orbit Plush Natus,13842.75
2024-08,PROD-00098,Mira Plush Amet,8915.81
2024-08,PROD-00272,Nexa Accessories Quisquam,7331.14
2024-08,PROD-00129,Bright Fragrance Et,7326.72
2024-08,PROD-00027,Apex Wellness Minima,6645.29
2024-08,PROD-00259,Apex Wellness Minima,5848.58
2024-08,PROD-00003,Bright Men Voluptate,5286.8
2024-08,PROD-00247,Nexa  Women  Modi,5257.86
2024-08,PROD-00002,Orbit Office Odio,5148.64
2024-08,PROD-00157,Urban Indoor Qui,3629.18
2024-09,PROD-00250,Nexa Plush Ipsum,11882.1
2024-09,PROD-00076,River Makeup Earum,11215.89
2024-09,PROD-00141,Apex Decor Possimus,10766.49
2024-09,PROD-00259,Apex Wellness Minima,10359.69
2024-09,PROD-00091,Mira Living Room Eligendi,8802.82
2024-09,PROD-00290,Nova Office Sed,8328.55
2024-09,PROD-00108,Urban Skincare Sint,8125.31
2024-09,PROD-00084,Zenith Storage Blanditiis,7680.25
2024-09,PROD-00229,Nexa Women Omnis,6799.39
2024-09,PROD-00261,Bright Fitness Fuga,6468.13
2024-10,PROD-00001,Orbit  Outdoor  Minima,13558.86
2024-10,PROD-00079,Nexa Accessories Aspernatur,12636.04
2024-10,PROD-00298,Zenith Office A,10286.29
2024-10,PROD-00083,Urban  Makeup  Atque,9810.3
2024-10,PROD-00061,Mira Accessories Rem,9041.42
2024-10,PROD-00062,Nova Storage Quas,9015.73
2024-10,PROD-00238,Mira Indoor Nihil,8987.18
2024-10,PROD-00221,River Stem Aliquam,8810.56
2024-10,PROD-00249,River Indoor Dolorum,8211.36
2024-10,PROD-00214,Nova Dining Velit,7935.59
2024-11,PROD-00218,Summit Fitness Vero,15389.28
2024-11,PROD-00027,Apex Wellness Minima,10133.5
2024-11,PROD-00133,Urban Comics Dolore,9689.5
2024-11,PROD-00226,Mira Laptop Repellat,9588.16
2024-11,PROD-00194,Nexa Stem Fuga,8404.51
2024-11,PROD-00100,Orbit Living Room Ratione,7665.77
2024-11,PROD-00233,Apex Dining Recusandae,7622.68
2024-11,PROD-00066,Nova Haircare Blanditiis,6107.66
2024-11,PROD-00032,River Fiction Dolorum,6061.98
2024-11,PROD-00292,River Audio Illo,6029.12
2024-12,PROD-00240,Zenith Wellness Perspiciatis,12029.52
2024-12,PROD-00238,Mira Indoor Nihil,11445.04
2024-12,PROD-00161,River Kitchen Quibusdam,11425.3
2024-12,PROD-00209,Mira Fragrance Deleniti,9591.55
2024-12,PROD-00177,Zenith Fragrance Cum,7423.9
2024-12,PROD-00145,River Haircare Tenetur,6265.04
2024-12,PROD-00259,Apex Wellness Minima,5974.83
2024-12,PROD-00143,Mira Stem Totam,5586.34
2024-12,PROD-00016,Urban Accessories Quibusdam,5565.85
2024-12,PROD-00140,Urban Laptop Voluptas,5538.35
2025-01,PROD-00278,River Wearables Dolorum,8411.54
2025-01,PROD-00195,Zenith Self-Help Nobis,8284.87
2025-01,PROD-00269,Urban Bedroom Cum,7441.07
2025-01,PROD-00201,River Storage Porro,6766.74
2025-01,PROD-00097,Bright Fiction Necessitatibus,6046.45
2025-01,PROD-00113,Apex Cycling Laboriosam,4632.95
2025-01,PROD-00051,River Skincare Officiis,4312.63
2025-01,PROD-00215,Summit Bedroom Quaerat,3872.37
2025-01,PROD-00033,Apex Audio Sit,3841.88
2025-01,PROD-00061,Mira Accessories Rem,3529.47
2025-02,PROD-00211,Urban Office Nulla,14621.88
2025-02,PROD-00236,Nexa Office Voluptatem,12577.54
2025-02,PROD-00110,River Seasonal Officia,12244.64
2025-02,PROD-00189,Apex Self-Help Nam,9090.17
2025-02,PROD-00048,Nova Plush Dolorem,9052.35
2025-02,PROD-00208,Summit Academic Placeat,9008.18
2025-02,PROD-00126,Orbit Cycling Doloribus,8591.82
2025-02,PROD-00112,Nova Seasonal Soluta,8287.65
2025-02,PROD-00008,Zenith Wearables Eaque,8057.95
2025-02,PROD-00041,River Fitness Voluptates,7411.82
2025-03,PROD-00107,River Fragrance Quam,18864.89
2025-03,PROD-00072,Apex Educational Ad,11262.39
2025-03,PROD-00265,Bright Comics Itaque,9181.41
2025-03,PROD-00250,Nexa Plush Ipsum,8714.09
2025-03,PROD-00130,Urban Educational Harum,6630.42
2025-03,PROD-00221,River Stem Aliquam,5484.53
2025-03,PROD-00211,Urban Office Nulla,5379.64
2025-03,PROD-00245,Zenith Technology Optio,5068.75
2025-03,PROD-00293,Apex Accessories Libero,4783.46
2025-03,PROD-00189,Apex Self-Help Nam,4658.24
2025-04,PROD-00065,Mira Women Aperiam,13842.71
2025-04,PROD-00100,Orbit Living Room Ratione,12552.24
2025-04,PROD-00112,Nova Seasonal Soluta,12438.6
2025-04,PROD-00294,Summit Technology Beatae,11683.51
2025-04,PROD-00138,Mira Stem Ipsa,11455.25
2025-04,PROD-00134,Summit Haircare Ut,10872.02
2025-04,PROD-00231,Summit Men Repellendus,10331.23
2025-04,PROD-00073,Nova Decor Tenetur,9327.0
2025-04,PROD-00003,Bright Men Voluptate,8862.07
2025-04,PROD-00076,River Makeup Earum,8610.41
2025-05,PROD-00236,Nexa Office Voluptatem,16198.47
2025-05,PROD-00158,Summit Comics Ab,12583.54
2025-05,PROD-00171,River Footwear Eius,10483.31
2025-05,PROD-00191,Nexa Indoor Officiis,10279.78
2025-05,PROD-00206,Apex  Fitness  Facilis,9633.7
2025-05,PROD-00196,Urban Indoor Ratione,9478.15
2025-05,PROD-00218,Summit Fitness Vero,7092.91
2025-05,PROD-00257,Apex Wearables Dolore,6670.69
2025-05,PROD-00228,Zenith Lighting Corporis,5943.57
2025-05,PROD-00009,River Accessories Velit,5707.22
2025-06,PROD-00009,River Accessories Velit,11138.17
2025-06,PROD-00269,Urban Bedroom Cum,9432.02
2025-06,PROD-00221,River Stem Aliquam,9294.55
2025-06,PROD-00254,Summit Audio Quod,7947.24
2025-06,PROD-00237,Zenith Outdoor Inventore,7818.05
2025-06,PROD-00184,Summit Accessories Amet,7704.99
2025-06,PROD-00079,Nexa Accessories Aspernatur,5835.13
2025-06,PROD-00092,Apex Footwear Doloribus,5188.79
2025-06,PROD-00239,Zenith Audio Explicabo,3316.68
2025-06,PROD-00199,River Wearables Alias,3296.0
2025-07,PROD-00137,Bright Kids Quasi,11928.12
2025-07,PROD-00030,River Makeup Voluptatem,11697.69
2025-07,PROD-00256,Orbit Wellness Veniam,11388.75
2025-07,PROD-00119,Nexa Makeup Quod,11066.77
2025-07,PROD-00200,Nexa Footwear Illo,9795.58
2025-07,PROD-00209,Mira Fragrance Deleniti,8933.31
2025-07,PROD-00173,Zenith Accessories Quidem,8736.51
2025-07,PROD-00288,Urban  Makeup  Nisi,8174.59
2025-07,PROD-00249,River Indoor Dolorum,8152.16
2025-07,PROD-00189,Apex Self-Help Nam,7891.88
2025-08,PROD-00103,Zenith Footwear Recusandae,16449.52
2025-08,PROD-00217,Zenith Comics Totam,14348.1
2025-08,PROD-00081,Nexa Fitness Deleniti,12293.95
2025-08,PROD-00248,Orbit Women Nesciunt,11750.68
2025-08,PROD-00043,Urban Accessories Aperiam,10939.47
2025-08,PROD-00244,Nova Wearables Exercitationem,10381.42
2025-08,PROD-00114,River Outdoor Fugit,10274.87
2025-08,PROD-00292,River Audio Illo,9876.09
2025-08,PROD-00022,Mira Academic Mollitia,9662.72
2025-08,PROD-00285,Summit Audio Rerum,9245.06
2025-09,PROD-00022,Mira Academic Mollitia,16634.12
2025-09,PROD-00087,Orbit Plush In,13990.44
2025-09,PROD-00288,Urban  Makeup  Nisi,12193.38
2025-09,PROD-00001,Orbit  Outdoor  Minima,7912.3
2025-09,PROD-00237,Zenith Outdoor Inventore,7461.67
2025-09,PROD-00175,Orbit Accessories Necessitatibus,7402.81
2025-09,PROD-00170,Mira Seasonal Facere,6798.99
2025-09,PROD-00150,Summit Kids Beatae,5752.99
2025-09,PROD-00140,Urban Laptop Voluptas,5327.03
2025-09,PROD-00269,Urban Bedroom Cum,4424.38
2025-10,PROD-00211,Urban Office Nulla,8148.71
2025-10,PROD-00127,Mira Makeup Quis,7145.83
2025-10,PROD-00096,Nova Office Suscipit,6613.61
2025-10,PROD-00225,Nexa Kitchen Illum,6136.78
2025-10,PROD-00133,Urban Comics Dolore,2312.28
2025-10,PROD-00130,Urban Educational Harum,2107.53
2025-10,PROD-00069,Summit Fiction Autem,1010.11
2025-10,PROD-00126,Orbit Cycling Doloribus,943.99
2025-10,PROD-00206,Apex  Fitness  Facilis,596.19
2025-10,PROD-00226,Mira Laptop Repellat,542.72
2025-11,PROD-00213,Summit Outdoor Similique,18969.32
2025-11,PROD-00167,Mira Office Facere,14984.47
2025-11,PROD-00136,Zenith Wellness Consequuntur,13964.24
2025-11,PROD-00011,River Women Magni,11195.42
2025-11,PROD-00056,Zenith Technology Nam,10839.08
2025-11,PROD-00072,Apex Educational Ad,9816.73
2025-11,PROD-00092,Apex Footwear Doloribus,9591.81
2025-11,PROD-00264,River Lighting Cum,8570.39
2025-11,PROD-00001,Orbit  Outdoor  Minima,7705.1
2025-11,PROD-00261,Bright Fitness Fuga,7440.36
2025-12,PROD-00109,Nexa Indoor Accusantium,16143.09
2025-12,PROD-00121,Mira Skincare Doloribus,15629.06
2025-12,PROD-00262,Orbit Activity Beatae,12110.27
2025-12,PROD-00043,Urban Accessories Aperiam,11988.42
2025-12,PROD-00062,Nova Storage Quas,11608.31
2025-12,PROD-00212,Nova Laptop Accusamus,11433.04
2025-12,PROD-00283,Summit Bedding Sapiente,9548.15
2025-12,PROD-00015,River Fragrance Temporibus,9291.91
2025-12,PROD-00092,Apex Footwear Doloribus,8551.95
2025-12,PROD-00171,River Footwear Eius,8016.86
2026-01,PROD-00105,Mira Fiction Facilis,12031.0
2026-01,PROD-00192,Urban Living Room Modi,7438.17
2026-01,PROD-00252,Apex Academic Dolorum,6024.86
2026-01,PROD-00226,Mira Laptop Repellat,5768.52
2026-01,PROD-00259,Apex Wellness Minima,5647.83
2026-01,PROD-00298,Zenith Office A,5626.97
2026-01,PROD-00249,River Indoor Dolorum,4988.6
2026-01,PROD-00206,Apex  Fitness  Facilis,4851.6
2026-01,PROD-00177,Zenith Fragrance Cum,4841.88
2026-01,PROD-00069,Summit Fiction Autem,4823.51
2026-02,PROD-00042,Apex  Outdoor  Temporibus,12084.35
2026-02,PROD-00185,Orbit Educational Alias,11654.45
2026-02,PROD-00177,Zenith Fragrance Cum,10027.61
2026-02,PROD-00028,Orbit Technology Repellat,7899.22
2026-02,PROD-00236,Nexa Office Voluptatem,7618.6
2026-02,PROD-00269,Urban Bedroom Cum,7246.97
2026-02,PROD-00012,Orbit Lighting Voluptate,7034.94
2026-02,PROD-00068,Orbit Bedroom Ipsam,4081.04
2026-02,PROD-00222,Nexa Bedding Nihil,3811.74
2026-02,PROD-00237,Zenith Outdoor Inventore,3710.76
2026-03,PROD-00176,Mira Wearables Quos,14386.89
2026-03,PROD-00024,Summit Bedding Vel,12128.14
2026-03,PROD-00175,Orbit Accessories Necessitatibus,10697.11
2026-03,PROD-00109,Nexa Indoor Accusantium,9803.78
2026-03,PROD-00097,Bright Fiction Necessitatibus,7410.1
2026-03,PROD-00186,Orbit Indoor Cum,7302.65
2026-03,PROD-00250,Nexa Plush Ipsum,6520.21
2026-03,PROD-00095,River Men Atque,6044.05
2026-03,PROD-00213,Summit Outdoor Similique,5806.36
2026-03,PROD-00008,Zenith Wearables Eaque,5532.12
2026-04,PROD-00091,Mira Living Room Eligendi,15263.98
2026-04,PROD-00055,Zenith Technology Nam,12593.52
2026-04,PROD-00142,Mira Fitness Cumque,8670.32
2026-04,PROD-00099,Summit Haircare Ullam,8648.8
2026-04,PROD-00190,Orbit Laptop Eaque,8089.05
2026-04,PROD-00138,Mira Stem Ipsa,7794.95
2026-04,PROD-00167,Mira Office Facere,6869.89
2026-04,PROD-00208,Summit Academic Placeat,6827.79
2026-04,PROD-00109,Nexa Indoor Accusantium,6530.51
2026-04,PROD-00149,Bright Plush Omnis,6022.92
2026-05,PROD-00099,Summit Haircare Ullam,10743.5
2026-05,PROD-00144,Urban Comics Fugiat,7377.88
2026-05,PROD-00080,Apex Wearables Velit,6511.18
2026-05,PROD-00067,Nova Plush Molestiae,6398.9
2026-05,PROD-00030,River Makeup Voluptatem,6323.64
2026-05,PROD-00062,Nova Storage Quas,6074.3
2026-05,PROD-00266,Nexa Stem Dolores,6055.08
2026-05,PROD-00289,Apex Women Totam,5292.99
2026-05,PROD-00122,Bright Mobile Labore,4936.84
2026-05,PROD-00269,Urban Bedroom Cum,4657.79
2026-06,PROD-00158,Summit Comics Ab,15773.12
2026-06,PROD-00177,Zenith Fragrance Cum,14214.5
2026-06,PROD-00036,River Comics Iure,13346.14
2026-06,PROD-00114,River Outdoor Fugit,8469.5
2026-06,PROD-00178,Bright Wearables Quo,7996.53
2026-06,PROD-00167,Mira Office Facere,7751.46
2026-06,PROD-00014,Orbit Plush Debitis,7581.62
2026-06,PROD-00289,Apex Women Totam,7575.1
2026-06,PROD-00021,River Kitchen Architecto,6986.74
2026-06,PROD-00025,Nova Technology Iusto,6460.55
2026-07,PROD-00070,Bright Living Room Odit,13072.1
2026-07,PROD-00040,Urban Fiction Dignissimos,9431.17
2026-07,PROD-00149,Bright Plush Omnis,9375.32
2026-07,PROD-00242,Nova Bedding Iusto,6884.93
2026-07,PROD-00145,River Haircare Tenetur,6768.04
2026-07,PROD-00212,Nova Laptop Accusamus,6630.43
2026-07,PROD-00234,Bright Haircare Amet,5873.67
2026-07,PROD-00043,Urban Accessories Aperiam,5033.04
2026-07,PROD-00094,Mira Storage Ea,4582.55
2026-07,PROD-00192,Urban Living Room Modi,4372.07
2026-08,PROD-00094,Mira Storage Ea,33839.08
2026-08,PROD-00271,Orbit Audio In,29936.37
2026-08,PROD-00067,Nova Plush Molestiae,26542.1
2026-08,PROD-00280,Apex Fiction Dolore,22821.97
2026-08,PROD-00257,Apex Wearables Dolore,22531.06
2026-08,PROD-00026,Summit Technology Optio,21421.1
2026-08,PROD-00208,Summit Academic Placeat,19637.6
2026-08,PROD-00027,Apex Wellness Minima,18960.88
2026-08,PROD-00216,River Audio Eligendi,18935.88
2026-08,PROD-00248,Orbit Women Nesciunt,17982.74
