customer_id,order_date,next_purchase_date
CUST-00001,2023-07-28,
CUST-00002,2023-10-16,2025-12-08
CUST-00002,2025-12-08,2025-12-16
CUST-00002,2025-12-16,
CUST-00003,2021-01-13,
CUST-00004,2021-05-03,2021-12-23
CUST-00004,2021-12-23,2023-04-27
CUST-00004,2023-04-27,2024-11-22
CUST-00004,2024-11-22,
CUST-00005,2021-05-25,2021-06-23
CUST-00005,2021-06-23,2025-11-18
CUST-00005,2025-11-18,
CUST-00006,2020-06-07,2023-08-14
CUST-00006,2023-08-14,
CUST-00007,2020-03-10,2021-01-09
CUST-00007,2021-01-09,2022-04-11
CUST-00007,2022-04-11,
CUST-00008,2026-08-10,
CUST-00009,2023-04-02,2024-09-19
CUST-00009,2024-09-19,2024-09-23
CUST-00009,2024-09-23,2025-11-10
CUST-00009,2025-11-10,2026-07-26
CUST-00009,2026-07-26,
CUST-00010,2022-03-11,
CUST-00012,2023-04-04,2025-01-01
CUST-00012,2025-01-01,2025-12-25
CUST-00012,2025-12-25,
CUST-00014,2024-06-02,2026-08-06
CUST-00014,2026-08-06,
CUST-00015,2021-03-20,2021-08-24
CUST-00015,2021-08-24,2026-04-17
CUST-00015,2026-04-17,2026-06-07
CUST-00015,2026-06-07,2026-08-10
CUST-00015,2026-08-10,2026-08-10
CUST-00015,2026-08-10,
CUST-00016,2021-03-16,2024-07-14
CUST-00016,2024-07-14,2026-08-10
CUST-00016,2026-08-10,
CUST-00017,2022-11-06,2024-02-22
CUST-00017,2024-02-22,2024-03-27
CUST-00017,2024-03-27,2024-10-15
CUST-00017,2024-10-15,
CUST-00018,2021-10-21,2023-08-23
CUST-00018,2023-08-23,
CUST-00019,2021-01-10,2021-07-28
CUST-00019,2021-07-28,2022-04-01
CUST-00019,2022-04-01,2023-03-20
CUST-00019,2023-03-20,2024-06-23
CUST-00019,2024-06-23,
CUST-00020,2020-03-19,2020-11-17
CUST-00020,2020-11-17,2022-07-30
CUST-00020,2022-07-30,
CUST-00021,2021-02-21,2023-05-01
CUST-00021,2023-05-01,2026-08-10
CUST-00021,2026-08-10,
CUST-00022,2021-04-17,2022-10-12
CUST-00022,2022-10-12,
CUST-00023,2022-06-26,
CUST-00024,2021-03-19,2021-06-29
CUST-00024,2021-06-29,2026-03-22
CUST-00024,2026-03-22,
CUST-00025,2025-03-06,2025-06-08
CUST-00025,2025-06-08,2025-06-12
CUST-00025,2025-06-12,2026-08-10
CUST-00025,2026-08-10,
CUST-00026,2022-01-24,2022-03-01
CUST-00026,2022-03-01,2023-02-17
CUST-00026,2023-02-17,2023-03-03
CUST-00026,2023-03-03,2025-08-02
CUST-00026,2025-08-02,2026-08-10
CUST-00026,2026-08-10,
CUST-00028,2021-04-21,2024-11-27
CUST-00028,2024-11-27,2025-09-13
CUST-00028,2025-09-13,2026-02-23
CUST-00028,2026-02-23,
CUST-00029,2020-04-03,2021-07-14
CUST-00029,2021-07-14,2021-12-09
CUST-00029,2021-12-09,2024-06-09
CUST-00029,2024-06-09,2026-04-04
CUST-00029,2026-04-04,
CUST-00030,2022-10-17,2023-02-12
CUST-00030,2023-02-12,
CUST-00031,2026-02-26,
CUST-00032,2022-03-10,
CUST-00033,2020-04-22,2020-09-13
CUST-00033,2020-09-13,2026-08-10
CUST-00033,2026-08-10,
CUST-00034,2020-10-09,2021-06-09
CUST-00034,2021-06-09,
CUST-00035,2022-12-14,
CUST-00036,2021-12-11,2025-07-02
CUST-00036,2025-07-02,2026-05-28
CUST-00036,2026-05-28,
CUST-00038,2021-05-29,2023-04-02
CUST-00038,2023-04-02,2025-09-27
CUST-00038,2025-09-27,2025-10-29
CUST-00038,2025-10-29,
CUST-00039,2021-12-21,2022-01-23
CUST-00039,2022-01-23,2023-01-03
CUST-00039,2023-01-03,2026-08-10
CUST-00039,2026-08-10,
CUST-00040,2021-07-22,2023-01-13
CUST-00040,2023-01-13,2026-08-10
CUST-00040,2026-08-10,
CUST-00041,2022-06-24,2022-07-10
CUST-00041,2022-07-10,2023-01-03
CUST-00041,2023-01-03,2025-11-05
CUST-00041,2025-11-05,
CUST-00042,2020-05-28,2025-08-18
CUST-00042,2025-08-18,
CUST-00043,2020-05-30,2021-11-02
CUST-00043,2021-11-02,
CUST-00044,2023-10-04,2026-03-21
CUST-00044,2026-03-21,
CUST-00045,2020-07-24,2022-06-21
CUST-00045,2022-06-21,2022-12-16
CUST-00045,2022-12-16,2023-04-14
CUST-00045,2023-04-14,2024-06-23
CUST-00045,2024-06-23,2025-12-09
CUST-00045,2025-12-09,
CUST-00046,2024-02-05,2024-02-21
CUST-00046,2024-02-21,2026-05-12
CUST-00046,2026-05-12,
CUST-00047,2023-01-16,2026-01-28
CUST-00047,2026-01-28,
CUST-00048,2020-09-12,2021-08-30
CUST-00048,2021-08-30,2025-12-01
CUST-00048,2025-12-01,2026-03-23
CUST-00048,2026-03-23,
CUST-00049,2024-05-28,2026-03-01
CUST-00049,2026-03-01,2026-08-10
CUST-00049,2026-08-10,
CUST-00050,2024-01-18,2026-03-15
CUST-00050,2026-03-15,
CUST-00052,2022-04-25,2022-08-20
CUST-00052,2022-08-20,2023-02-14
CUST-00052,2023-02-14,2024-05-20
CUST-00052,2024-05-20,
CUST-00053,2020-05-10,2020-07-30
CUST-00053,2020-07-30,2026-02-13
CUST-00053,2026-02-13,
CUST-00054,2021-11-21,2023-07-05
CUST-00054,2023-07-05,2024-11-15
CUST-00054,2024-11-15,
CUST-00055,2021-03-28,2021-07-03
CUST-00055,2021-07-03,
CUST-00056,2021-08-08,
CUST-00058,2023-01-16,2023-03-20
CUST-00058,2023-03-20,2025-07-22
CUST-00058,2025-07-22,2025-12-03
CUST-00058,2025-12-03,2026-08-10
CUST-00058,2026-08-10,
CUST-00059,2023-10-05,
CUST-00060,2020-03-23,2023-03-19
CUST-00060,2023-03-19,2024-04-08
CUST-00060,2024-04-08,
CUST-00061,2021-08-17,2024-01-27
CUST-00061,2024-01-27,2024-05-27
CUST-00061,2024-05-27,2026-08-10
CUST-00061,2026-08-10,
CUST-00062,2020-01-25,2020-05-14
CUST-00062,2020-05-14,2023-07-01
CUST-00062,2023-07-01,2026-04-25
CUST-00062,2026-04-25,
CUST-00063,2020-12-30,2021-03-28
CUST-00063,2021-03-28,2022-05-08
CUST-00063,2022-05-08,2025-07-25
CUST-00063,2025-07-25,
CUST-00064,2023-07-28,2025-04-18
CUST-00064,2025-04-18,2025-09-01
CUST-00064,2025-09-01,
CUST-00065,2026-08-10,
CUST-00066,2021-07-07,2021-10-22
CUST-00066,2021-10-22,2023-01-30
CUST-00066,2023-01-30,2024-03-30
CUST-00066,2024-03-30,2026-02-06
CUST-00066,2026-02-06,2026-08-10
CUST-00066,2026-08-10,
CUST-00067,2020-04-15,2021-01-30
CUST-00067,2021-01-30,2024-10-02
CUST-00067,2024-10-02,2026-08-10
CUST-00067,2026-08-10,
CUST-00068,2024-06-27,
CUST-00069,2023-03-08,2024-01-09
CUST-00069,2024-01-09,2024-02-17
CUST-00069,2024-02-17,2025-04-03
CUST-00069,2025-04-03,
CUST-00070,2020-03-17,2024-03-10
CUST-00070,2024-03-10,2026-08-10
CUST-00070,2026-08-10,
CUST-00071,2020-10-08,2022-10-06
CUST-00071,2022-10-06,2025-02-12
CUST-00071,2025-02-12,2026-08-10
CUST-00071,2026-08-10,
CUST-00072,2020-11-27,2023-01-13
CUST-00072,2023-01-13,
CUST-00073,2021-07-24,2021-11-17
CUST-00073,2021-11-17,2022-09-29
CUST-00073,2022-09-29,
CUST-00074,2021-05-20,2021-08-07
CUST-00074,2021-08-07,
CUST-00075,2023-01-06,
CUST-00076,2026-08-10,2026-08-10
CUST-00076,2026-08-10,
CUST-00077,2024-03-28,2025-09-30
CUST-00077,2025-09-30,
CUST-00078,2022-11-21,2023-09-11
CUST-00078,2023-09-11,2025-02-05
CUST-00078,2025-02-05,
CUST-00079,2022-05-11,2023-05-10
CUST-00079,2023-05-10,2024-04-23
CUST-00079,2024-04-23,2026-05-11
CUST-00079,2026-05-11,
CUST-00080,2024-01-05,2024-12-14
CUST-00080,2024-12-14,
CUST-00081,2021-03-05,2024-08-19
CUST-00081,2024-08-19,2025-07-01
CUST-00081,2025-07-01,2026-02-11
CUST-00081,2026-02-11,
CUST-00082,2021-08-19,2023-01-30
CUST-00082,2023-01-30,2024-12-17
CUST-00082,2024-12-17,
CUST-00083,2024-07-29,2025-03-10
CUST-00083,2025-03-10,
CUST-00084,2021-02-10,2023-12-20
CUST-00084,2023-12-20,2024-11-15
CUST-00084,2024-11-15,2025-07-31
CUST-00084,2025-07-31,
CUST-00085,2022-11-07,2025-07-26
CUST-00085,2025-07-26,
CUST-00086,2025-01-24,2026-08-10
CUST-00086,2026-08-10,
CUST-00087,2023-05-31,2025-04-22
CUST-00087,2025-04-22,
CUST-00089,2026-08-10,
CUST-00091,2020-01-13,2022-07-28
CUST-00091,2022-07-28,2023-10-05
CUST-00091,2023-10-05,2024-01-24
CUST-00091,2024-01-24,
CUST-00092,2020-10-16,2024-08-30
CUST-00092,2024-08-30,2025-04-12
CUST-00092,2025-04-12,
CUST-00093,2020-10-10,2020-10-11
CUST-00093,2020-10-11,2021-08-13
CUST-00093,2021-08-13,2026-08-02
CUST-00093,2026-08-02,2026-08-10
CUST-00093,2026-08-10,2026-08-10
CUST-00093,2026-08-10,
CUST-00094,2021-03-13,2026-08-10
CUST-00094,2026-08-10,
CUST-00095,2023-03-01,2026-02-04
CUST-00095,2026-02-04,
CUST-00096,2021-08-17,2024-04-17
CUST-00096,2024-04-17,2025-08-19
CUST-00096,2025-08-19,
CUST-00097,2024-02-09,2025-02-06
CUST-00097,2025-02-06,2025-04-21
CUST-00097,2025-04-21,2026-08-10
CUST-00097,2026-08-10,
CUST-00098,2025-11-18,
CUST-00099,2020-12-12,2021-06-05
CUST-00099,2021-06-05,2022-03-04
CUST-00099,2022-03-04,2022-07-04
CUST-00099,2022-07-04,2026-08-10
CUST-00099,2026-08-10,
CUST-00100,2023-10-05,2023-10-25
CUST-00100,2023-10-25,2024-08-13
CUST-00100,2024-08-13,2024-09-18
CUST-00100,2024-09-18,2024-10-12
CUST-00100,2024-10-12,
CUST-00102,2024-06-12,2025-10-27
CUST-00102,2025-10-27,
CUST-00103,2023-11-12,2024-04-15
CUST-00103,2024-04-15,
CUST-00104,2022-03-19,
CUST-00105,2024-02-07,2024-03-25
CUST-00105,2024-03-25,2024-07-10
CUST-00105,2024-07-10,2026-03-28
CUST-00105,2026-03-28,
CUST-00106,2020-11-02,
CUST-00107,2022-02-02,2025-04-05
CUST-00107,2025-04-05,
CUST-00108,2020-02-26,
CUST-00109,2021-02-02,2021-07-12
CUST-00109,2021-07-12,2026-01-28
CUST-00109,2026-01-28,
CUST-00110,2022-04-26,2023-02-06
CUST-00110,2023-02-06,2024-03-17
CUST-00110,2024-03-17,2026-08-10
CUST-00110,2026-08-10,
CUST-00111,2024-12-26,2025-05-03
CUST-00111,2025-05-03,2026-08-10
CUST-00111,2026-08-10,
CUST-00112,2022-03-13,2022-07-27
CUST-00112,2022-07-27,2023-10-06
CUST-00112,2023-10-06,2026-03-23
CUST-00112,2026-03-23,2026-08-10
CUST-00112,2026-08-10,
CUST-00113,2020-07-17,2021-04-29
CUST-00113,2021-04-29,2024-02-04
CUST-00113,2024-02-04,
CUST-00114,2021-06-24,
CUST-00115,2020-01-13,2025-02-04
CUST-00115,2025-02-04,
CUST-00116,2021-12-18,2022-07-30
CUST-00116,2022-07-30,2024-12-17
CUST-00116,2024-12-17,2026-03-14
CUST-00116,2026-03-14,
CUST-00117,2021-01-10,2021-10-28
CUST-00117,2021-10-28,2026-08-10
CUST-00117,2026-08-10,
CUST-00118,2020-12-30,2025-08-09
CUST-00118,2025-08-09,2026-06-24
CUST-00118,2026-06-24,
CUST-00119,2021-09-09,2022-08-28
CUST-00119,2022-08-28,2023-02-02
CUST-00119,2023-02-02,2023-05-18
CUST-00119,2023-05-18,2025-05-06
CUST-00119,2025-05-06,2026-08-10
CUST-00119,2026-08-10,
CUST-00120,2022-07-12,2024-02-28
CUST-00120,2024-02-28,2025-10-09
CUST-00120,2025-10-09,
CUST-00121,2023-09-26,2025-04-18
CUST-00121,2025-04-18,
CUST-00122,2020-03-19,
CUST-00123,2023-03-27,2025-02-06
CUST-00123,2025-02-06,
CUST-00124,2021-03-19,2022-05-29
CUST-00124,2022-05-29,2022-09-08
CUST-00124,2022-09-08,2025-02-16
CUST-00124,2025-02-16,2025-08-03
CUST-00124,2025-08-03,2026-08-10
CUST-00124,2026-08-10,
CUST-00125,2023-03-01,2023-05-10
CUST-00125,2023-05-10,2023-05-22
CUST-00125,2023-05-22,
CUST-00126,2020-10-13,2021-09-13
CUST-00126,2021-09-13,
CUST-00127,2021-09-12,2022-05-16
CUST-00127,2022-05-16,2024-02-05
CUST-00127,2024-02-05,2024-09-16
CUST-00127,2024-09-16,2026-04-26
CUST-00127,2026-04-26,2026-08-10
CUST-00127,2026-08-10,
CUST-00128,2020-04-12,2020-12-23
CUST-00128,2020-12-23,2025-03-14
CUST-00128,2025-03-14,
CUST-00129,2020-01-10,2020-05-21
CUST-00129,2020-05-21,2024-06-09
CUST-00129,2024-06-09,
CUST-00131,2022-01-19,2022-08-22
CUST-00131,2022-08-22,
CUST-00132,2022-04-25,2025-01-07
CUST-00132,2025-01-07,2025-05-04
CUST-00132,2025-05-04,
CUST-00134,2020-07-15,
CUST-00135,2021-08-24,2023-06-13
CUST-00135,2023-06-13,2024-06-05
CUST-00135,2024-06-05,2024-09-28
CUST-00135,2024-09-28,2024-11-12
CUST-00135,2024-11-12,
CUST-00136,2020-11-13,2022-11-17
CUST-00136,2022-11-17,
CUST-00138,2020-12-08,2021-08-12
CUST-00138,2021-08-12,2026-08-10
CUST-00138,2026-08-10,
CUST-00139,2020-04-28,2022-09-18
CUST-00139,2022-09-18,2025-05-16
CUST-00139,2025-05-16,2025-08-11
CUST-00139,2025-08-11,2026-08-10
CUST-00139,2026-08-10,
CUST-00140,2020-02-06,2023-02-22
CUST-00140,2023-02-22,
CUST-00141,2023-05-22,
CUST-00142,2026-01-30,
CUST-00143,2023-12-11,2025-05-29
CUST-00143,2025-05-29,2025-06-05
CUST-00143,2025-06-05,2025-06-24
CUST-00143,2025-06-24,2026-04-28
CUST-00143,2026-04-28,
CUST-00144,2021-09-15,2026-08-10
CUST-00144,2026-08-10,
CUST-00145,2021-02-01,2024-12-20
CUST-00145,2024-12-20,
CUST-00146,2023-10-02,2024-04-25
CUST-00146,2024-04-25,
CUST-00147,2020-06-27,2026-08-10
CUST-00147,2026-08-10,
CUST-00148,2022-03-22,2022-04-06
CUST-00148,2022-04-06,
CUST-00149,2020-02-26,2020-09-12
CUST-00149,2020-09-12,2022-07-29
CUST-00149,2022-07-29,2023-10-25
CUST-00149,2023-10-25,2026-04-06
CUST-00149,2026-04-06,
CUST-00150,2023-02-04,2025-12-20
CUST-00150,2025-12-20,2026-02-24
CUST-00150,2026-02-24,
CUST-00152,2021-05-15,2021-09-14
CUST-00152,2021-09-14,2023-03-24
CUST-00152,2023-03-24,2025-07-29
CUST-00152,2025-07-29,
CUST-00153,2025-06-20,2026-03-19
CUST-00153,2026-03-19,2026-03-30
CUST-00153,2026-03-30,2026-08-10
CUST-00153,2026-08-10,
CUST-00154,2021-06-12,2024-08-16
CUST-00154,2024-08-16,2025-10-06
CUST-00154,2025-10-06,
CUST-00155,2020-12-02,2025-06-02
CUST-00155,2025-06-02,
CUST-00156,2022-08-14,2024-02-13
CUST-00156,2024-02-13,2025-07-14
CUST-00156,2025-07-14,2025-08-08
CUST-00156,2025-08-08,2025-08-28
CUST-00156,2025-08-28,2026-05-04
CUST-00156,2026-05-04,
CUST-00157,2021-02-12,2025-03-05
CUST-00157,2025-03-05,2026-08-10
CUST-00157,2026-08-10,
CUST-00158,2022-12-08,2024-03-13
CUST-00158,2024-03-13,2025-01-13
CUST-00158,2025-01-13,
CUST-00159,2022-02-22,2023-07-04
CUST-00159,2023-07-04,2024-03-22
CUST-00159,2024-03-22,
CUST-00160,2021-02-19,2022-12-02
CUST-00160,2022-12-02,
CUST-00161,2026-08-10,
CUST-00162,2020-10-11,2023-09-07
CUST-00162,2023-09-07,2024-08-23
CUST-00162,2024-08-23,2024-10-30
CUST-00162,2024-10-30,2026-08-10
CUST-00162,2026-08-10,
CUST-00163,2020-11-07,2021-03-19
CUST-00163,2021-03-19,2023-01-09
CUST-00163,2023-01-09,2024-03-09
CUST-00163,2024-03-09,
CUST-00164,2022-04-26,2024-03-18
CUST-00164,2024-03-18,2024-11-15
CUST-00164,2024-11-15,
CUST-00165,2020-03-16,2025-12-02
CUST-00165,2025-12-02,2026-01-01
CUST-00165,2026-01-01,2026-05-16
CUST-00165,2026-05-16,
CUST-00166,2021-08-24,2025-08-04
CUST-00166,2025-08-04,2026-01-20
CUST-00166,2026-01-20,
CUST-00167,2021-02-11,2022-03-31
CUST-00167,2022-03-31,2026-08-10
CUST-00167,2026-08-10,
CUST-00168,2025-07-11,2026-08-10
CUST-00168,2026-08-10,
CUST-00169,2020-08-21,2024-11-27
CUST-00169,2024-11-27,2025-03-09
CUST-00169,2025-03-09,2026-08-10
CUST-00169,2026-08-10,
CUST-00170,2020-01-21,2020-06-27
CUST-00170,2020-06-27,2021-10-30
CUST-00170,2021-10-30,
CUST-00171,2020-10-13,2021-06-08
CUST-00171,2021-06-08,2022-12-19
CUST-00171,2022-12-19,
CUST-00172,2022-12-24,2023-12-25
CUST-00172,2023-12-25,2024-06-07
CUST-00172,2024-06-07,2024-12-23
CUST-00172,2024-12-23,2025-05-16
CUST-00172,2025-05-16,2026-08-10
CUST-00172,2026-08-10,
CUST-00173,2020-07-23,2020-08-14
CUST-00173,2020-08-14,2022-02-05
CUST-00173,2022-02-05,2026-08-10
CUST-00173,2026-08-10,
CUST-00174,2021-12-10,2022-06-15
CUST-00174,2022-06-15,2023-02-23
CUST-00174,2023-02-23,
CUST-00175,2020-06-30,2022-07-05
CUST-00175,2022-07-05,2026-08-10
CUST-00175,2026-08-10,
CUST-00176,2021-11-06,2026-01-07
CUST-00176,2026-01-07,
CUST-00177,2020-09-13,2022-12-19
CUST-00177,2022-12-19,2024-02-22
CUST-00177,2024-02-22,2025-03-19
CUST-00177,2025-03-19,2026-04-13
CUST-00177,2026-04-13,
CUST-00178,2022-01-14,2022-04-09
CUST-00178,2022-04-09,2023-06-16
CUST-00178,2023-06-16,2024-02-06
CUST-00178,2024-02-06,
CUST-00179,2025-02-16,
CUST-00180,2023-02-08,2026-04-02
CUST-00180,2026-04-02,
CUST-00181,2020-01-27,2020-07-03
CUST-00181,2020-07-03,2021-08-05
CUST-00181,2021-08-05,2022-04-23
CUST-00181,2022-04-23,2023-08-18
CUST-00181,2023-08-18,2024-11-24
CUST-00181,2024-11-24,
CUST-00182,2021-12-25,2022-09-14
CUST-00182,2022-09-14,2022-10-22
CUST-00182,2022-10-22,2023-06-06
CUST-00182,2023-06-06,
CUST-00183,2021-11-20,2023-04-18
CUST-00183,2023-04-18,
CUST-00184,2022-05-23,2022-08-07
CUST-00184,2022-08-07,2023-12-10
CUST-00184,2023-12-10,2024-04-13
CUST-00184,2024-04-13,
CUST-00185,2025-02-19,2025-07-21
CUST-00185,2025-07-21,
CUST-00186,2021-03-06,2026-08-10
CUST-00186,2026-08-10,
CUST-00187,2026-08-10,
CUST-00188,2022-05-25,2025-03-01
CUST-00188,2025-03-01,2025-04-03
CUST-00188,2025-04-03,2025-08-15
CUST-00188,2025-08-15,2025-12-14
CUST-00188,2025-12-14,
CUST-00189,2022-02-02,2023-01-24
CUST-00189,2023-01-24,2024-10-19
CUST-00189,2024-10-19,2025-04-16
CUST-00189,2025-04-16,2026-08-10
CUST-00189,2026-08-10,
CUST-00190,2024-02-14,2024-09-08
CUST-00190,2024-09-08,2026-08-10
CUST-00190,2026-08-10,
CUST-00192,2020-12-25,2021-09-14
CUST-00192,2021-09-14,2023-01-16
CUST-00192,2023-01-16,2024-11-27
CUST-00192,2024-11-27,2025-09-05
CUST-00192,2025-09-05,2026-06-10
CUST-00192,2026-06-10,
CUST-00193,2024-02-24,
CUST-00194,2022-05-12,2023-07-24
CUST-00194,2023-07-24,2024-02-02
CUST-00194,2024-02-02,
CUST-00195,2021-03-03,2021-07-23
CUST-00195,2021-07-23,2026-05-25
CUST-00195,2026-05-25,
CUST-00196,2022-07-21,2022-08-13
CUST-00196,2022-08-13,2026-08-10
CUST-00196,2026-08-10,
CUST-00197,2025-04-07,
CUST-00199,2021-09-06,
CUST-00200,2023-10-19,
CUST-00202,2020-04-01,2020-04-15
CUST-00202,2020-04-15,
CUST-00203,2022-02-06,2022-11-14
CUST-00203,2022-11-14,2023-04-07
CUST-00203,2023-04-07,2025-07-07
CUST-00203,2025-07-07,2026-06-09
CUST-00203,2026-06-09,
CUST-00204,2020-01-29,
CUST-00205,2021-04-13,2023-03-21
CUST-00205,2023-03-21,
CUST-00206,2020-02-21,2020-11-06
CUST-00206,2020-11-06,2021-09-27
CUST-00206,2021-09-27,2024-05-20
CUST-00206,2024-05-20,
CUST-00207,2025-04-18,2026-02-15
CUST-00207,2026-02-15,
CUST-00208,2021-11-01,
CUST-00209,2020-05-29,2025-08-14
CUST-00209,2025-08-14,2025-08-23
CUST-00209,2025-08-23,
CUST-00210,2024-02-13,
CUST-00211,2024-03-14,2025-04-19
CUST-00211,2025-04-19,2025-07-07
CUST-00211,2025-07-07,2025-11-28
CUST-00211,2025-11-28,
CUST-00213,2022-05-09,2023-12-18
CUST-00213,2023-12-18,2024-01-21
CUST-00213,2024-01-21,2024-12-21
CUST-00213,2024-12-21,2025-03-04
CUST-00213,2025-03-04,
CUST-00214,2023-07-09,2024-02-06
CUST-00214,2024-02-06,2026-06-26
CUST-00214,2026-06-26,2026-08-10
CUST-00214,2026-08-10,
CUST-00215,2023-07-17,2024-05-03
CUST-00215,2024-05-03,
CUST-00216,2021-05-03,2021-06-21
CUST-00216,2021-06-21,2025-08-21
CUST-00216,2025-08-21,2026-02-20
CUST-00216,2026-02-20,
CUST-00217,2021-07-17,2021-12-25
CUST-00217,2021-12-25,2025-01-15
CUST-00217,2025-01-15,2026-02-21
CUST-00217,2026-02-21,
CUST-00218,2021-05-26,2025-02-01
CUST-00218,2025-02-01,2025-05-01
CUST-00218,2025-05-01,
CUST-00219,2020-03-20,2020-07-08
CUST-00219,2020-07-08,2021-03-09
CUST-00219,2021-03-09,2022-03-07
CUST-00219,2022-03-07,2022-07-05
CUST-00219,2022-07-05,2023-06-16
CUST-00219,2023-06-16,2025-02-20
CUST-00219,2025-02-20,
CUST-00220,2020-07-31,2021-01-11
CUST-00220,2021-01-11,2021-08-03
CUST-00220,2021-08-03,
CUST-00221,2021-10-07,2023-07-23
CUST-00221,2023-07-23,2026-05-10
CUST-00221,2026-05-10,
CUST-00222,2021-03-21,2024-10-05
CUST-00222,2024-10-05,
CUST-00223,2021-07-30,2021-09-30
CUST-00223,2021-09-30,2026-08-10
CUST-00223,2026-08-10,
CUST-00224,2023-09-22,2024-10-24
CUST-00224,2024-10-24,
CUST-00225,2024-03-11,2026-07-26
CUST-00225,2026-07-26,
CUST-00226,2020-03-06,2022-05-21
CUST-00226,2022-05-21,2022-10-10
CUST-00226,2022-10-10,2024-11-21
CUST-00226,2024-11-21,2026-08-10
CUST-00226,2026-08-10,
CUST-00227,2021-05-15,2021-09-16
CUST-00227,2021-09-16,2021-09-23
CUST-00227,2021-09-23,2022-12-14
CUST-00227,2022-12-14,2026-03-28
CUST-00227,2026-03-28,
CUST-00228,2020-05-20,2023-04-05
CUST-00228,2023-04-05,
CUST-00229,2020-11-29,2021-01-06
CUST-00229,2021-01-06,2021-11-09
CUST-00229,2021-11-09,2025-08-14
CUST-00229,2025-08-14,
CUST-00230,2020-09-03,2026-08-10
CUST-00230,2026-08-10,
CUST-00231,2020-07-15,2021-10-18
CUST-00231,2021-10-18,
CUST-00233,2020-09-26,2020-11-03
CUST-00233,2020-11-03,2022-12-18
CUST-00233,2022-12-18,2023-10-08
CUST-00233,2023-10-08,2023-10-31
CUST-00233,2023-10-31,2024-01-27
CUST-00233,2024-01-27,2026-08-10
CUST-00233,2026-08-10,2026-08-10
CUST-00233,2026-08-10,
CUST-00234,2020-04-08,2021-08-31
CUST-00234,2021-08-31,2021-09-25
CUST-00234,2021-09-25,2021-10-13
CUST-00234,2021-10-13,2023-12-04
CUST-00234,2023-12-04,
CUST-00235,2024-12-13,
CUST-00236,2020-04-08,2024-06-13
CUST-00236,2024-06-13,
CUST-00237,2020-07-13,2026-05-14
CUST-00237,2026-05-14,
CUST-00238,2020-09-03,2024-09-03
CUST-00238,2024-09-03,
CUST-00239,2021-01-16,2021-08-24
CUST-00239,2021-08-24,2023-09-27
CUST-00239,2023-09-27,2026-03-29
CUST-00239,2026-03-29,
CUST-00240,2022-10-03,2024-12-02
CUST-00240,2024-12-02,2025-03-10
CUST-00240,2025-03-10,2026-08-10
CUST-00240,2026-08-10,
CUST-00242,2023-09-08,2024-11-29
CUST-00242,2024-11-29,2026-03-26
CUST-00242,2026-03-26,2026-08-10
CUST-00242,2026-08-10,
CUST-00243,2020-06-23,2021-10-12
CUST-00243,2021-10-12,2023-01-21
CUST-00243,2023-01-21,2024-06-03
CUST-00243,2024-06-03,
CUST-00244,2021-01-03,2024-07-31
CUST-00244,2024-07-31,2026-04-23
CUST-00244,2026-04-23,2026-08-10
CUST-00244,2026-08-10,
CUST-00245,2020-04-22,2022-03-29
CUST-00245,2022-03-29,2025-09-08
CUST-00245,2025-09-08,2026-02-10
CUST-00245,2026-02-10,
CUST-00246,2026-08-10,
CUST-00247,2020-05-15,2023-01-17
CUST-00247,2023-01-17,2023-05-12
CUST-00247,2023-05-12,2024-01-10
CUST-00247,2024-01-10,2025-02-21
CUST-00247,2025-02-21,
CUST-00248,2024-09-10,2026-08-10
CUST-00248,2026-08-10,
CUST-00249,2022-03-19,2022-10-25
CUST-00249,2022-10-25,2023-06-17
CUST-00249,2023-06-17,2025-07-21
CUST-00249,2025-07-21,
CUST-00250,2024-03-16,
CUST-00252,2020-06-14,2021-09-08
CUST-00252,2021-09-08,2023-10-03
CUST-00252,2023-10-03,2024-05-24
CUST-00252,2024-05-24,2024-09-26
CUST-00252,2024-09-26,
CUST-00253,2022-12-10,
CUST-00254,2020-02-13,2021-06-27
CUST-00254,2021-06-27,2023-08-07
CUST-00254,2023-08-07,2024-04-24
CUST-00254,2024-04-24,
CUST-00255,2024-10-07,2025-12-29
CUST-00255,2025-12-29,2026-06-12
CUST-00255,2026-06-12,
CUST-00256,2021-05-26,2026-08-10
CUST-00256,2026-08-10,2026-08-10
CUST-00256,2026-08-10,
CUST-00257,2020-05-21,2023-11-02
CUST-00257,2023-11-02,2024-12-02
CUST-00257,2024-12-02,
CUST-00258,2020-11-24,2020-12-01
CUST-00258,2020-12-01,2026-08-10
CUST-00258,2026-08-10,
CUST-00259,2026-08-10,
CUST-00260,2021-03-25,
CUST-00261,2021-04-02,2022-09-16
CUST-00261,2022-09-16,2023-04-02
CUST-00261,2023-04-02,2026-06-10
CUST-00261,2026-06-10,2026-08-10
CUST-00261,2026-08-10,2026-08-10
CUST-00261,2026-08-10,
CUST-00262,2023-08-06,2025-07-24
CUST-00262,2025-07-24,
CUST-00264,2021-06-06,2023-10-17
CUST-00264,2023-10-17,2023-12-06
CUST-00264,2023-12-06,2026-08-10
CUST-00264,2026-08-10,
CUST-00265,2022-08-30,2025-06-28
CUST-00265,2025-06-28,
CUST-00266,2022-11-18,
CUST-00267,2021-11-25,2022-07-19
CUST-00267,2022-07-19,2023-11-28
CUST-00267,2023-11-28,2025-07-05
CUST-00267,2025-07-05,
CUST-00268,2023-12-18,
CUST-00269,2021-08-12,2024-04-15
CUST-00269,2024-04-15,
CUST-00270,2023-12-03,2024-02-04
CUST-00270,2024-02-04,2025-08-11
CUST-00270,2025-08-11,
CUST-00271,2022-01-19,2023-05-17
CUST-00271,2023-05-17,2024-12-27
CUST-00271,2024-12-27,2025-11-26
CUST-00271,2025-11-26,
CUST-00272,2020-05-28,2023-03-30
CUST-00272,2023-03-30,2023-06-08
CUST-00272,2023-06-08,
CUST-00273,2023-06-12,
CUST-00274,2021-06-30,2023-04-20
CUST-00274,2023-04-20,2026-06-05
CUST-00274,2026-06-05,
CUST-00275,2023-04-07,2024-04-07
CUST-00275,2024-04-07,2024-06-22
CUST-00275,2024-06-22,
CUST-00276,2020-02-19,
CUST-00277,2020-01-25,2026-07-17
CUST-00277,2026-07-17,
CUST-00278,2022-02-06,2023-12-22
CUST-00278,2023-12-22,2025-11-28
CUST-00278,2025-11-28,
CUST-00279,2022-04-27,2023-08-11
CUST-00279,2023-08-11,2025-08-31
CUST-00279,2025-08-31,
CUST-00280,2020-02-14,2022-05-21
CUST-00280,2022-05-21,2023-03-11
CUST-00280,2023-03-11,2023-08-01
CUST-00280,2023-08-01,2024-07-02
CUST-00280,2024-07-02,2024-10-03
CUST-00280,2024-10-03,
CUST-00282,2020-03-06,2023-02-12
CUST-00282,2023-02-12,2024-06-05
CUST-00282,2024-06-05,2026-08-10
CUST-00282,2026-08-10,
CUST-00283,2021-05-03,2026-08-10
CUST-00283,2026-08-10,
CUST-00284,2020-07-13,2021-01-28
CUST-00284,2021-01-28,
CUST-00285,2022-05-06,
CUST-00286,2021-05-02,2024-10-20
CUST-00286,2024-10-20,
CUST-00287,2023-01-21,
CUST-00288,2024-09-10,
CUST-00289,2020-06-02,2021-06-18
CUST-00289,2021-06-18,2022-01-06
CUST-00289,2022-01-06,2025-11-11
CUST-00289,2025-11-11,
CUST-00290,2021-10-18,2025-11-15
CUST-00290,2025-11-15,2026-08-02
CUST-00290,2026-08-02,
CUST-00291,2022-08-31,2023-12-25
CUST-00291,2023-12-25,2026-08-10
CUST-00291,2026-08-10,
CUST-00292,2022-11-27,2024-04-13
CUST-00292,2024-04-13,2026-07-28
CUST-00292,2026-07-28,2026-08-10
CUST-00292,2026-08-10,
CUST-00293,2022-07-05,2023-11-24
CUST-00293,2023-11-24,2023-12-29
CUST-00293,2023-12-29,2025-02-05
CUST-00293,2025-02-05,2026-08-10
CUST-00293,2026-08-10,
CUST-00294,2026-06-15,
CUST-00295,2023-03-19,
CUST-00296,2020-09-12,2023-09-11
CUST-00296,2023-09-11,2024-09-05
CUST-00296,2024-09-05,2026-08-10
CUST-00296,2026-08-10,
CUST-00297,2021-02-03,2021-12-24
CUST-00297,2021-12-24,2024-10-16
CUST-00297,2024-10-16,2024-11-24
CUST-00297,2024-11-24,2026-08-10
CUST-00297,2026-08-10,
CUST-00298,2020-03-14,2023-07-03
CUST-00298,2023-07-03,2024-12-09
CUST-00298,2024-12-09,
CUST-00299,2021-01-16,2021-12-12
CUST-00299,2021-12-12,2021-12-13
CUST-00299,2021-12-13,2023-09-28
CUST-00299,2023-09-28,
CUST-00300,2024-01-12,2024-02-14
CUST-00300,2024-02-14,2026-08-10
CUST-00300,2026-08-10,
CUST-00302,2022-01-28,2023-05-12
CUST-00302,2023-05-12,2026-01-23
CUST-00302,2026-01-23,
CUST-00303,2024-05-24,2025-04-19
CUST-00303,2025-04-19,2025-12-30
CUST-00303,2025-12-30,
CUST-00304,2021-09-18,
CUST-00305,2023-02-23,2025-02-25
CUST-00305,2025-02-25,
CUST-00306,2020-06-15,2024-10-27
CUST-00306,2024-10-27,2026-08-10
CUST-00306,2026-08-10,
CUST-00307,2020-01-05,2022-11-17
CUST-00307,2022-11-17,2026-08-10
CUST-00307,2026-08-10,
CUST-00309,2021-05-06,2024-08-24
CUST-00309,2024-08-24,2026-04-24
CUST-00309,2026-04-24,2026-08-10
CUST-00309,2026-08-10,
CUST-00310,2020-08-14,2022-03-31
CUST-00310,2022-03-31,2023-02-07
CUST-00310,2023-02-07,
CUST-00311,2024-03-18,
CUST-00312,2024-10-05,2026-02-11
CUST-00312,2026-02-11,2026-08-10
CUST-00312,2026-08-10,
CUST-00313,2024-10-29,2025-11-28
CUST-00313,2025-11-28,2026-06-16
CUST-00313,2026-06-16,
CUST-00314,2020-10-09,2024-04-16
CUST-00314,2024-04-16,2025-01-29
CUST-00314,2025-01-29,2025-05-11
CUST-00314,2025-05-11,2026-08-10
CUST-00314,2026-08-10,
CUST-00316,2022-06-23,
CUST-00317,2022-01-13,2024-10-26
CUST-00317,2024-10-26,2025-05-26
CUST-00317,2025-05-26,
CUST-00318,2022-03-16,2023-10-07
CUST-00318,2023-10-07,
CUST-00320,2025-02-17,2025-05-13
CUST-00320,2025-05-13,
CUST-00321,2023-09-09,2026-08-10
CUST-00321,2026-08-10,
CUST-00322,2020-09-27,2026-01-14
CUST-00322,2026-01-14,2026-07-24
CUST-00322,2026-07-24,
CUST-00323,2020-02-26,2021-07-13
CUST-00323,2021-07-13,2026-03-07
CUST-00323,2026-03-07,
CUST-00324,2020-12-05,
CUST-00325,2021-06-21,2021-08-25
CUST-00325,2021-08-25,2023-04-06
CUST-00325,2023-04-06,
CUST-00326,2020-01-04,2023-06-02
CUST-00326,2023-06-02,2024-06-04
CUST-00326,2024-06-04,
CUST-00328,2020-06-21,2026-08-10
CUST-00328,2026-08-10,
CUST-00329,2021-11-18,2022-01-12
CUST-00329,2022-01-12,2024-10-19
CUST-00329,2024-10-19,2026-07-28
CUST-00329,2026-07-28,
CUST-00330,2021-10-03,2022-06-03
CUST-00330,2022-06-03,
CUST-00331,2026-05-16,
CUST-00332,2021-10-17,2024-05-18
CUST-00332,2024-05-18,2024-10-26
CUST-00332,2024-10-26,
CUST-00333,2020-02-29,2022-10-21
CUST-00333,2022-10-21,2022-12-19
CUST-00333,2022-12-19,2024-02-08
CUST-00333,2024-02-08,2025-04-15
CUST-00333,2025-04-15,2026-01-12
CUST-00333,2026-01-12,
CUST-00334,2021-09-11,2024-05-10
CUST-00334,2024-05-10,2024-07-29
CUST-00334,2024-07-29,2025-09-23
CUST-00334,2025-09-23,2025-11-09
CUST-00334,2025-11-09,2026-04-19
CUST-00334,2026-04-19,2026-06-11
CUST-00334,2026-06-11,2026-06-16
CUST-00334,2026-06-16,
CUST-00335,2022-10-14,2026-08-10
CUST-00335,2026-08-10,
CUST-00336,2020-01-03,2024-11-04
CUST-00336,2024-11-04,2025-07-18
CUST-00336,2025-07-18,2026-07-03
CUST-00336,2026-07-03,
CUST-00337,2023-08-16,
CUST-00338,2024-10-14,2025-01-21
CUST-00338,2025-01-21,2026-01-02
CUST-00338,2026-01-02,
CUST-00339,2024-08-23,2025-02-24
CUST-00339,2025-02-24,
CUST-00340,2022-04-03,2024-04-05
CUST-00340,2024-04-05,2024-11-28
CUST-00340,2024-11-28,2026-06-18
CUST-00340,2026-06-18,
CUST-00342,2023-06-08,2023-11-05
CUST-00342,2023-11-05,2025-02-16
CUST-00342,2025-02-16,2025-09-25
CUST-00342,2025-09-25,
CUST-00343,2020-06-09,2021-04-22
CUST-00343,2021-04-22,
CUST-00344,2021-02-17,2022-07-18
CUST-00344,2022-07-18,2023-11-29
CUST-00344,2023-11-29,2025-08-20
CUST-00344,2025-08-20,2026-08-10
CUST-00344,2026-08-10,
CUST-00345,2020-03-13,2023-10-10
CUST-00345,2023-10-10,
CUST-00346,2026-02-11,
CUST-00347,2020-03-08,2021-12-15
CUST-00347,2021-12-15,
CUST-00348,2020-12-25,2021-07-29
CUST-00348,2021-07-29,2021-08-25
CUST-00348,2021-08-25,2021-12-14
CUST-00348,2021-12-14,2023-08-30
CUST-00348,2023-08-30,2025-03-18
CUST-00348,2025-03-18,
CUST-00349,2020-04-26,2023-03-09
CUST-00349,2023-03-09,2026-08-10
CUST-00349,2026-08-10,
CUST-00350,2021-12-24,2024-05-28
CUST-00350,2024-05-28,2025-01-03
CUST-00350,2025-01-03,2025-12-31
CUST-00350,2025-12-31,2026-08-10
CUST-00350,2026-08-10,
CUST-00352,2022-02-22,2023-06-25
CUST-00352,2023-06-25,2025-09-04
CUST-00352,2025-09-04,2026-08-10
CUST-00352,2026-08-10,
CUST-00353,2022-09-16,2023-06-03
CUST-00353,2023-06-03,2025-08-25
CUST-00353,2025-08-25,
CUST-00354,2020-06-10,2023-04-19
CUST-00354,2023-04-19,2026-08-10
CUST-00354,2026-08-10,2026-08-10
CUST-00354,2026-08-10,
CUST-00355,2020-12-26,2026-08-10
CUST-00355,2026-08-10,
CUST-00356,2024-05-01,
CUST-00358,2020-04-09,2024-01-19
CUST-00358,2024-01-19,2024-09-17
CUST-00358,2024-09-17,2026-08-10
CUST-00358,2026-08-10,
CUST-00359,2021-07-15,2023-08-18
CUST-00359,2023-08-18,2024-12-06
CUST-00359,2024-12-06,2026-08-10
CUST-00359,2026-08-10,
CUST-00360,2022-06-22,2023-12-08
CUST-00360,2023-12-08,2024-04-14
CUST-00360,2024-04-14,
CUST-00362,2024-03-26,2026-01-14
CUST-00362,2026-01-14,2026-08-10
CUST-00362,2026-08-10,2026-08-10
CUST-00362,2026-08-10,
CUST-00363,2023-06-09,2023-06-19
CUST-00363,2023-06-19,2023-12-18
CUST-00363,2023-12-18,2025-11-04
CUST-00363,2025-11-04,2026-08-10
CUST-00363,2026-08-10,
CUST-00364,2020-09-11,2023-05-12
CUST-00364,2023-05-12,
CUST-00365,2023-08-05,2025-02-14
CUST-00365,2025-02-14,2025-04-19
CUST-00365,2025-04-19,
CUST-00366,2026-08-10,
CUST-00367,2020-01-17,2020-02-02
CUST-00367,2020-02-02,2021-05-01
CUST-00367,2021-05-01,2022-12-05
CUST-00367,2022-12-05,2023-01-21
CUST-00367,2023-01-21,2023-03-15
CUST-00367,2023-03-15,2026-07-25
CUST-00367,2026-07-25,
CUST-00368,2020-07-27,2021-07-08
CUST-00368,2021-07-08,
CUST-00369,2023-07-28,2023-11-05
CUST-00369,2023-11-05,2024-04-10
CUST-00369,2024-04-10,2025-01-31
CUST-00369,2025-01-31,2025-05-25
CUST-00369,2025-05-25,2026-08-10
CUST-00369,2026-08-10,
CUST-00370,2020-11-30,2025-08-28
CUST-00370,2025-08-28,
CUST-00371,2023-11-25,
CUST-00372,2022-03-11,2023-08-11
CUST-00372,2023-08-11,2024-09-05
CUST-00372,2024-09-05,2025-09-20
CUST-00372,2025-09-20,
CUST-00373,2020-01-27,2020-07-20
CUST-00373,2020-07-20,2023-07-18
CUST-00373,2023-07-18,2024-07-05
CUST-00373,2024-07-05,2025-11-02
CUST-00373,2025-11-02,
CUST-00374,2022-04-12,2023-12-01
CUST-00374,2023-12-01,2026-03-12
CUST-00374,2026-03-12,
CUST-00375,2021-02-25,2025-05-06
CUST-00375,2025-05-06,2026-08-10
CUST-00375,2026-08-10,2026-08-10
CUST-00375,2026-08-10,
CUST-00376,2022-08-04,2023-05-13
CUST-00376,2023-05-13,2023-07-16
CUST-00376,2023-07-16,2024-01-19
CUST-00376,2024-01-19,
CUST-00377,2020-03-06,2020-06-01
CUST-00377,2020-06-01,
CUST-00378,2022-01-09,
CUST-00379,2022-01-25,2023-04-05
CUST-00379,2023-04-05,2024-08-02
CUST-00379,2024-08-02,2025-10-12
CUST-00379,2025-10-12,
CUST-00380,2022-12-15,2024-02-25
CUST-00380,2024-02-25,
CUST-00381,2020-01-15,2020-01-17
CUST-00381,2020-01-17,2024-06-05
CUST-00381,2024-06-05,2024-06-18
CUST-00381,2024-06-18,2026-08-10
CUST-00381,2026-08-10,
CUST-00382,2020-11-19,2023-07-14
CUST-00382,2023-07-14,2026-08-10
CUST-00382,2026-08-10,
CUST-00383,2023-09-28,
CUST-00384,2020-05-28,2020-06-23
CUST-00384,2020-06-23,2021-07-16
CUST-00384,2021-07-16,2026-01-21
CUST-00384,2026-01-21,2026-08-10
CUST-00384,2026-08-10,
CUST-00385,2021-11-22,2025-01-19
CUST-00385,2025-01-19,2025-12-30
CUST-00385,2025-12-30,
CUST-00386,2020-01-11,2023-03-29
CUST-00386,2023-03-29,2024-07-04
CUST-00386,2024-07-04,
CUST-00387,2022-06-02,2022-12-15
CUST-00387,2022-12-15,
CUST-00388,2021-02-06,2022-04-01
CUST-00388,2022-04-01,2025-06-23
CUST-00388,2025-06-23,
CUST-00389,2020-02-09,2021-08-26
CUST-00389,2021-08-26,2026-08-10
CUST-00389,2026-08-10,
CUST-00390,2020-10-08,2020-12-30
CUST-00390,2020-12-30,2026-08-10
CUST-00390,2026-08-10,
CUST-00391,2020-07-08,2021-08-04
CUST-00391,2021-08-04,2022-08-19
CUST-00391,2022-08-19,
CUST-00392,2022-06-06,2024-02-15
CUST-00392,2024-02-15,2024-12-23
CUST-00392,2024-12-23,2026-08-10
CUST-00392,2026-08-10,
CUST-00393,2020-05-27,2021-02-24
CUST-00393,2021-02-24,2022-12-14
CUST-00393,2022-12-14,
CUST-00394,2023-06-18,2023-10-14
CUST-00394,2023-10-14,
CUST-00395,2020-07-13,2026-03-25
CUST-00395,2026-03-25,2026-06-02
CUST-00395,2026-06-02,
CUST-00396,2021-06-02,2021-07-23
CUST-00396,2021-07-23,2024-01-20
CUST-00396,2024-01-20,
CUST-00397,2023-02-19,2023-10-26
CUST-00397,2023-10-26,
CUST-00398,2021-06-17,2021-10-19
CUST-00398,2021-10-19,2023-12-18
CUST-00398,2023-12-18,2024-08-01
CUST-00398,2024-08-01,2024-09-07
CUST-00398,2024-09-07,
CUST-00399,2020-08-29,2023-08-24
CUST-00399,2023-08-24,2025-12-16
CUST-00399,2025-12-16,2026-08-10
CUST-00399,2026-08-10,
CUST-00400,2021-09-23,2021-12-03
CUST-00400,2021-12-03,2024-07-05
CUST-00400,2024-07-05,
CUST-00402,2024-02-23,2026-05-26
CUST-00402,2026-05-26,
CUST-00403,2022-11-13,2024-04-30
CUST-00403,2024-04-30,2024-10-26
CUST-00403,2024-10-26,2024-11-16
CUST-00403,2024-11-16,
CUST-00404,2021-10-14,2024-05-17
CUST-00404,2024-05-17,2024-12-31
CUST-00404,2024-12-31,
CUST-00405,2024-01-21,2025-12-22
CUST-00405,2025-12-22,2026-08-10
CUST-00405,2026-08-10,2026-08-10
CUST-00405,2026-08-10,
CUST-00406,2023-02-20,
CUST-00407,2020-01-28,2021-09-16
CUST-00407,2021-09-16,2024-04-21
CUST-00407,2024-04-21,
CUST-00408,2020-11-19,2022-04-23
CUST-00408,2022-04-23,2025-06-01
CUST-00408,2025-06-01,2025-11-16
CUST-00408,2025-11-16,2026-01-10
CUST-00408,2026-01-10,
CUST-00409,2021-02-21,2023-09-15
CUST-00409,2023-09-15,2023-09-24
CUST-00409,2023-09-24,2025-11-10
CUST-00409,2025-11-10,
CUST-00410,2021-11-14,2025-08-26
CUST-00410,2025-08-26,2026-08-10
CUST-00410,2026-08-10,
CUST-00411,2021-07-21,2024-10-29
CUST-00411,2024-10-29,2025-11-11
CUST-00411,2025-11-11,2026-01-15
CUST-00411,2026-01-15,2026-08-10
CUST-00411,2026-08-10,
CUST-00412,2021-04-02,2023-07-18
CUST-00412,2023-07-18,
CUST-00413,2020-11-13,2021-10-16
CUST-00413,2021-10-16,2024-11-12
CUST-00413,2024-11-12,
CUST-00414,2020-07-04,2022-07-24
CUST-00414,2022-07-24,2022-12-18
CUST-00414,2022-12-18,2025-09-12
CUST-00414,2025-09-12,2025-12-16
CUST-00414,2025-12-16,
CUST-00415,2020-08-11,2021-08-09
CUST-00415,2021-08-09,2021-09-02
CUST-00415,2021-09-02,
CUST-00416,2020-10-26,
CUST-00417,2022-09-04,2023-04-28
CUST-00417,2023-04-28,2025-02-27
CUST-00417,2025-02-27,2026-06-20
CUST-00417,2026-06-20,
CUST-00419,2020-05-26,2022-04-01
CUST-00419,2022-04-01,2024-03-26
CUST-00419,2024-03-26,2024-07-10
CUST-00419,2024-07-10,2025-07-18
CUST-00419,2025-07-18,
CUST-00421,2024-02-08,2024-07-31
CUST-00421,2024-07-31,2026-01-16
CUST-00421,2026-01-16,2026-08-10
CUST-00421,2026-08-10,
CUST-00422,2024-04-09,
CUST-00423,2023-12-30,2026-08-10
CUST-00423,2026-08-10,
CUST-00424,2021-02-13,2024-07-30
CUST-00424,2024-07-30,
CUST-00425,2021-05-22,2023-03-22
CUST-00425,2023-03-22,2024-08-26
CUST-00425,2024-08-26,
CUST-00426,2020-06-24,2023-04-30
CUST-00426,2023-04-30,2024-06-20
CUST-00426,2024-06-20,
CUST-00427,2022-10-25,2024-03-22
CUST-00427,2024-03-22,2024-05-20
CUST-00427,2024-05-20,2026-07-08
CUST-00427,2026-07-08,2026-08-10
CUST-00427,2026-08-10,
CUST-00428,2021-04-14,2024-10-08
CUST-00428,2024-10-08,2026-08-10
CUST-00428,2026-08-10,
CUST-00429,2020-04-11,2026-08-10
CUST-00429,2026-08-10,
CUST-00430,2022-03-03,2023-02-16
CUST-00430,2023-02-16,
CUST-00431,2020-02-29,2020-07-19
CUST-00431,2020-07-19,2020-08-16
CUST-00431,2020-08-16,2026-07-17
CUST-00431,2026-07-17,2026-08-10
CUST-00431,2026-08-10,2026-08-10
CUST-00431,2026-08-10,
CUST-00432,2021-07-30,2022-08-13
CUST-00432,2022-08-13,2023-04-29
CUST-00432,2023-04-29,2024-10-23
CUST-00432,2024-10-23,
CUST-00433,2022-06-24,2026-04-01
CUST-00433,2026-04-01,
CUST-00434,2020-04-03,2023-02-24
CUST-00434,2023-02-24,2026-08-10
CUST-00434,2026-08-10,2026-08-10
CUST-00434,2026-08-10,
CUST-00435,2020-06-16,2025-02-19
CUST-00435,2025-02-19,2026-08-10
CUST-00435,2026-08-10,
CUST-00436,2020-01-29,2021-02-26
CUST-00436,2021-02-26,2023-11-25
CUST-00436,2023-11-25,2025-02-10
CUST-00436,2025-02-10,
CUST-00437,2021-04-08,2023-10-02
CUST-00437,2023-10-02,2024-02-22
CUST-00437,2024-02-22,2026-08-10
CUST-00437,2026-08-10,
CUST-00439,2021-05-08,2021-06-23
CUST-00439,2021-06-23,2022-10-07
CUST-00439,2022-10-07,2023-08-08
CUST-00439,2023-08-08,2024-11-03
CUST-00439,2024-11-03,
CUST-00440,2021-07-18,2025-08-16
CUST-00440,2025-08-16,2025-11-05
CUST-00440,2025-11-05,
CUST-00441,2021-10-29,2024-10-20
CUST-00441,2024-10-20,2025-11-07
CUST-00441,2025-11-07,2026-03-21
CUST-00441,2026-03-21,2026-08-10
CUST-00441,2026-08-10,
CUST-00442,2022-09-30,2023-07-24
CUST-00442,2023-07-24,
CUST-00443,2022-05-19,2022-12-09
CUST-00443,2022-12-09,2023-03-25
CUST-00443,2023-03-25,2023-08-24
CUST-00443,2023-08-24,2025-08-27
CUST-00443,2025-08-27,
CUST-00444,2024-09-27,2025-05-17
CUST-00444,2025-05-17,2026-01-21
CUST-00444,2026-01-21,
CUST-00445,2026-02-24,
CUST-00446,2023-03-27,2024-08-31
CUST-00446,2024-08-31,2026-08-10
CUST-00446,2026-08-10,
CUST-00447,2020-01-20,2020-02-27
CUST-00447,2020-02-27,2022-05-20
CUST-00447,2022-05-20,2025-04-30
CUST-00447,2025-04-30,2026-08-10
CUST-00447,2026-08-10,
CUST-00448,2025-01-08,2026-08-10
CUST-00448,2026-08-10,
CUST-00449,2022-01-12,2023-11-30
CUST-00449,2023-11-30,2026-08-10
CUST-00449,2026-08-10,
CUST-00450,2020-03-08,2020-10-21
CUST-00450,2020-10-21,2023-07-17
CUST-00450,2023-07-17,2026-08-10
CUST-00450,2026-08-10,
CUST-00452,2020-10-02,2025-08-31
CUST-00452,2025-08-31,2026-02-02
CUST-00452,2026-02-02,
CUST-00453,2021-01-22,
CUST-00454,2021-03-31,2021-09-21
CUST-00454,2021-09-21,2022-05-22
CUST-00454,2022-05-22,2024-05-31
CUST-00454,2024-05-31,2025-12-11
CUST-00454,2025-12-11,2026-08-10
CUST-00454,2026-08-10,2026-08-10
CUST-00454,2026-08-10,
CUST-00455,2024-05-19,2026-03-12
CUST-00455,2026-03-12,
CUST-00456,2022-12-18,
CUST-00457,2025-02-16,2025-02-25
CUST-00457,2025-02-25,2025-05-08
CUST-00457,2025-05-08,
CUST-00458,2020-02-02,2020-12-25
CUST-00458,2020-12-25,2021-12-24
CUST-00458,2021-12-24,2022-10-15
CUST-00458,2022-10-15,
CUST-00459,2021-02-17,2022-08-02
CUST-00459,2022-08-02,2024-03-12
CUST-00459,2024-03-12,2025-04-11
CUST-00459,2025-04-11,2026-02-14
CUST-00459,2026-02-14,
CUST-00461,2023-03-19,2023-07-28
CUST-00461,2023-07-28,
CUST-00462,2021-01-31,2022-07-25
CUST-00462,2022-07-25,
CUST-00463,2022-08-24,2024-02-06
CUST-00463,2024-02-06,
CUST-00464,2021-01-02,2024-05-07
CUST-00464,2024-05-07,
CUST-00465,2022-03-11,2023-01-06
CUST-00465,2023-01-06,2026-08-10
CUST-00465,2026-08-10,
CUST-00466,2021-05-19,2022-11-27
CUST-00466,2022-11-27,2023-01-28
CUST-00466,2023-01-28,
CUST-00467,2023-09-06,2023-12-21
CUST-00467,2023-12-21,2025-07-12
CUST-00467,2025-07-12,2025-10-29
CUST-00467,2025-10-29,2026-08-10
CUST-00467,2026-08-10,
CUST-00468,2022-11-08,
CUST-00469,2021-08-18,
CUST-00470,2020-04-23,2020-11-13
CUST-00470,2020-11-13,
CUST-00471,2023-05-22,2023-10-13
CUST-00471,2023-10-13,2025-02-16
CUST-00471,2025-02-16,
CUST-00472,2023-03-12,2026-02-21
CUST-00472,2026-02-21,
CUST-00473,2020-12-16,2024-09-21
CUST-00473,2024-09-21,2025-01-31
CUST-00473,2025-01-31,
CUST-00474,2026-06-25,2026-08-10
CUST-00474,2026-08-10,2026-08-10
CUST-00474,2026-08-10,
CUST-00476,2020-08-22,
CUST-00477,2020-05-18,2020-11-19
CUST-00477,2020-11-19,2024-06-16
CUST-00477,2024-06-16,2024-10-21
CUST-00477,2024-10-21,
CUST-00478,2021-03-10,2025-06-12
CUST-00478,2025-06-12,2025-12-30
CUST-00478,2025-12-30,
CUST-00479,2021-01-16,2022-08-14
CUST-00479,2022-08-14,2024-04-14
CUST-00479,2024-04-14,2025-12-22
CUST-00479,2025-12-22,
CUST-00480,2022-05-29,2022-08-01
CUST-00480,2022-08-01,2024-02-28
CUST-00480,2024-02-28,2024-10-01
CUST-00480,2024-10-01,
CUST-00482,2021-06-04,2021-08-30
CUST-00482,2021-08-30,2023-12-30
CUST-00482,2023-12-30,2025-04-29
CUST-00482,2025-04-29,2026-04-06
CUST-00482,2026-04-06,
CUST-00483,2021-01-07,2025-11-30
CUST-00483,2025-11-30,
CUST-00485,2020-11-23,2021-12-30
CUST-00485,2021-12-30,2023-08-02
CUST-00485,2023-08-02,
CUST-00487,2026-08-10,
CUST-00488,2022-05-16,2026-07-15
CUST-00488,2026-07-15,
CUST-00489,2020-06-22,2021-09-24
CUST-00489,2021-09-24,2023-12-13
CUST-00489,2023-12-13,
CUST-00490,2020-05-14,2026-08-10
CUST-00490,2026-08-10,
CUST-00491,2020-09-25,
CUST-00492,2020-01-25,2023-07-19
CUST-00492,2023-07-19,2024-12-28
CUST-00492,2024-12-28,2025-05-03
CUST-00492,2025-05-03,2025-09-01
CUST-00492,2025-09-01,
CUST-00493,2020-01-14,2025-04-01
CUST-00493,2025-04-01,2026-08-10
CUST-00493,2026-08-10,2026-08-10
CUST-00493,2026-08-10,
CUST-00494,2021-04-30,2022-06-30
CUST-00494,2022-06-30,2023-01-14
CUST-00494,2023-01-14,2024-12-24
CUST-00494,2024-12-24,2025-05-13
CUST-00494,2025-05-13,2025-07-26
CUST-00494,2025-07-26,
CUST-00496,2024-01-05,2025-05-23
CUST-00496,2025-05-23,
CUST-00497,2020-11-09,2023-06-25
CUST-00497,2023-06-25,2025-03-14
CUST-00497,2025-03-14,2025-04-18
CUST-00497,2025-04-18,
CUST-00498,2021-09-19,2025-06-06
CUST-00498,2025-06-06,
CUST-00499,2020-12-21,2022-01-05
CUST-00499,2022-01-05,2022-06-10
CUST-00499,2022-06-10,2023-02-23
CUST-00499,2023-02-23,2026-08-03
CUST-00499,2026-08-03,2026-08-10
CUST-00499,2026-08-10,
CUST-00500,2021-03-28,2021-06-25
CUST-00500,2021-06-25,2023-06-17
CUST-00500,2023-06-17,2026-04-23
CUST-00500,2026-04-23,
