sales_date,cumulative_revenue
2020-01-03,7603.3
2020-01-04,23123.37
2020-01-05,30922.6
2020-01-10,56790.52
2020-01-11,68217.1
2020-01-13,87820.6
2020-01-14,90861.32
2020-01-15,92159.54
2020-01-17,112999.59
2020-01-20,120581.86
2020-01-25,184181.9
2020-01-27,193551.18
2020-01-29,224624.95
2020-02-02,236755.68
2020-02-06,238238.99
2020-02-09,242014.48
2020-02-13,246489.51
2020-02-14,255519.94
2020-02-19,283104.23
2020-02-21,305057.41
2020-02-26,345254.6
2020-02-27,364625.37
2020-02-29,379887.35
2020-03-06,399666.25
2020-03-08,449673.75
2020-03-10,451383.45
2020-03-14,467435.33
2020-03-16,480525.96
2020-03-17,498591.15
2020-03-19,510250.79
2020-03-20,510445.11
2020-03-23,534703.74
2020-04-01,536221.68
2020-04-03,560778.23
2020-04-08,576531.15
2020-04-09,586314.72
2020-04-11,592680.72
2020-04-12,599185.51
2020-04-15,616720.44
2020-04-22,621735.49
2020-04-23,623944.37
2020-04-26,645721.06
2020-04-28,682301.03
2020-05-10,700820.74
2020-05-14,709591.51
2020-05-15,726369.9
2020-05-18,736218.94
2020-05-20,751732.71
2020-05-21,776333.38
2020-05-26,802778.15
2020-05-27,812012.06
2020-05-28,865679.03
2020-05-29,873658.81
2020-05-30,888008.06
2020-06-01,904676.12
2020-06-02,922402.92
2020-06-07,935239.82
2020-06-14,940913.4
2020-06-15,946650.02
2020-06-16,949896.3
2020-06-21,963424.03
2020-06-22,974281.03
2020-06-23,984521.17
2020-06-24,988125.99
2020-06-27,1016955.48
2020-07-03,1037497.8
2020-07-04,1044986.86
2020-07-08,1059337.16
2020-07-13,1079259.22
2020-07-15,1098224.44
2020-07-17,1110814.14
2020-07-19,1121801.31
2020-07-20,1123772.17
2020-07-23,1135026.86
2020-07-24,1149966.74
2020-07-27,1163480.16
2020-07-30,1167208.42
2020-07-31,1178016.94
2020-08-11,1184616.27
2020-08-14,1193466.19
2020-08-16,1215887.14
2020-08-21,1216831.5
2020-08-22,1222242.94
2020-08-29,1226641.84
2020-09-03,1230339.24
2020-09-11,1244904.0
2020-09-12,1286131.78
2020-09-13,1317234.78
2020-09-25,1328817.44
2020-09-26,1341246.61
2020-09-27,1345345.98
2020-10-02,1361466.96
2020-10-08,1400622.36
2020-10-09,1409704.86
2020-10-10,1411010.46
2020-10-11,1420070.95
2020-10-13,1461352.15
2020-10-16,1463060.91
2020-10-21,1465858.91
2020-10-26,1472340.61
2020-11-02,1472440.55
2020-11-06,1473191.93
2020-11-07,1488062.24
2020-11-09,1489687.72
2020-11-13,1534973.67
2020-11-17,1542008.06
2020-11-19,1554435.82
2020-11-23,1560614.65
2020-11-24,1575211.1
2020-11-27,1577136.88
2020-11-29,1578042.72
2020-11-30,1601098.02
2020-12-01,1601568.05
2020-12-02,1610641.75
2020-12-05,1621568.49
2020-12-08,1628032.72
2020-12-12,1631576.05
2020-12-16,1644942.96
2020-12-21,1676984.66
2020-12-23,1680113.27
2020-12-25,1710750.06
2020-12-26,1712189.42
2020-12-30,1745785.26
2021-01-02,1754098.32
2021-01-03,1770455.18
2021-01-06,1775545.66
2021-01-07,1778881.56
2021-01-09,1784055.64
2021-01-10,1794841.69
2021-01-13,1807420.95
2021-01-16,1844234.23
2021-01-22,1850354.01
2021-01-28,1873215.54
2021-01-30,1875865.11
2021-01-31,1879349.88
2021-02-01,1899968.67
2021-02-02,1900520.55
2021-02-03,1903685.74
2021-02-06,1905776.38
2021-02-10,1917922.44
2021-02-11,1925393.16
2021-02-12,1932281.31
2021-02-17,1952553.07
2021-02-19,1968417.66
2021-02-21,2007809.13
2021-02-24,2014738.59
2021-02-25,2018231.28
2021-02-26,2037485.63
2021-03-03,2054749.74
2021-03-05,2068544.02
2021-03-06,2090148.4
2021-03-09,2133723.88
2021-03-10,2136183.9
2021-03-16,2145783.24
2021-03-19,2177050.84
2021-03-20,2184220.74
2021-03-21,2199814.45
2021-03-25,2227208.44
2021-03-28,2261970.68
2021-03-31,2274627.7
2021-04-02,2290386.06
2021-04-08,2312723.6
2021-04-13,2318922.23
2021-04-14,2336568.95
2021-04-17,2348913.41
2021-04-21,2351368.74
2021-04-22,2358033.03
2021-04-29,2362142.78
2021-04-30,2362603.88
2021-05-01,2381505.97
2021-05-02,2385416.59
2021-05-03,2404252.97
2021-05-06,2423822.7
2021-05-08,2447427.88
2021-05-15,2463486.32
2021-05-19,2469955.89
2021-05-20,2484881.63
2021-05-22,2508614.57
2021-05-26,2519147.9
2021-05-29,2534391.43
2021-06-02,2539990.59
2021-06-04,2545772.73
2021-06-05,2550623.24
2021-06-06,2562382.0
2021-06-08,2574341.55
2021-06-09,2576411.72
2021-06-12,2593532.6
2021-06-17,2600728.87
2021-06-18,2620008.53
2021-06-21,2638117.51
2021-06-23,2666395.54
2021-06-24,2679544.21
2021-06-25,2696594.04
2021-06-27,2702268.43
2021-06-29,2715172.22
2021-07-07,2716105.89
2021-07-08,2730313.5
2021-07-12,2740617.31
2021-07-13,2743023.33
2021-07-14,2749803.47
2021-07-15,2760752.07
2021-07-17,2769987.58
2021-07-18,2776680.13
2021-07-21,2784875.4
2021-07-22,2795281.65
2021-07-23,2820022.05
2021-07-24,2841397.42
2021-07-29,2853681.39
2021-07-30,2864917.68
2021-08-03,2870719.69
2021-08-04,2873027.63
2021-08-05,2875855.25
2021-08-07,2896731.98
2021-08-08,2908606.48
2021-08-09,2925300.94
2021-08-12,2945674.01
2021-08-13,2948561.28
2021-08-17,2949494.49
2021-08-18,2957614.19
2021-08-19,2966535.23
2021-08-24,3028408.15
2021-08-25,3036869.78
2021-08-26,3053485.95
2021-08-30,3065200.56
2021-09-02,3078532.0
2021-09-06,3082215.31
2021-09-08,3088727.58
2021-09-09,3101775.98
2021-09-11,3103691.15
2021-09-12,3104779.24
2021-09-13,3130645.04
2021-09-14,3171132.86
2021-09-15,3174457.68
2021-09-16,3223522.99
2021-09-19,3236863.14
2021-09-21,3244620.4
2021-09-23,3248567.17
2021-09-24,3274410.56
2021-09-25,3284442.76
2021-09-27,3289850.24
2021-09-30,3293720.37
2021-10-03,3297618.54
2021-10-07,3318130.8
2021-10-12,3320065.64
2021-10-13,3322595.69
2021-10-14,3332745.51
2021-10-16,3339505.51
2021-10-17,3344468.49
2021-10-18,3355653.64
2021-10-19,3362997.25
2021-10-21,3370798.62
2021-10-22,3394806.15
2021-10-28,3400558.14
2021-10-29,3406877.42
2021-10-30,3416292.03
2021-11-01,3429062.93
2021-11-06,3433085.02
2021-11-09,3440210.74
2021-11-14,3450196.34
2021-11-17,3451859.27
2021-11-18,3478549.66
2021-11-21,3481194.39
2021-11-22,3485749.3
2021-11-25,3494067.29
2021-12-03,3494614.94
2021-12-10,3500295.36
2021-12-11,3508733.49
2021-12-12,3519407.62
2021-12-13,3551367.79
2021-12-14,3562791.58
2021-12-15,3585213.76
2021-12-18,3595822.63
2021-12-21,3600002.92
2021-12-23,3614904.93
2021-12-24,3632603.87
2021-12-25,3679575.49
2021-12-30,3698152.19
2022-01-05,3700568.18
2022-01-06,3705221.29
2022-01-09,3710558.93
2022-01-12,3739493.65
2022-01-13,3741641.78
2022-01-19,3748155.95
2022-01-23,3750649.76
2022-01-24,3764635.56
2022-01-25,3773754.23
2022-02-02,3802423.95
2022-02-05,3809785.65
2022-02-06,3821756.27
2022-02-22,3854379.14
2022-03-01,3859475.8
2022-03-03,3874511.44
2022-03-04,3880390.95
2022-03-10,3888170.38
2022-03-11,3927257.55
2022-03-13,3928551.42
2022-03-19,3952085.15
2022-03-22,3965713.6
2022-03-29,3977381.24
2022-03-31,3991211.9
2022-04-01,4014315.97
2022-04-06,4016123.53
2022-04-09,4027843.65
2022-04-11,4031189.8
2022-04-12,4047217.76
2022-04-23,4081056.65
2022-04-25,4087172.45
2022-04-26,4089194.15
2022-04-27,4104881.56
2022-05-06,4117044.77
2022-05-08,4123433.11
2022-05-09,4127241.89
2022-05-11,4167716.47
2022-05-12,4194695.53
2022-05-16,4226604.35
2022-05-19,4240608.97
2022-05-20,4250584.08
2022-05-21,4273812.8
2022-05-22,4285302.32
2022-05-23,4300625.06
2022-05-25,4309094.39
2022-05-29,4318131.56
2022-06-02,4331983.76
2022-06-03,4333534.05
2022-06-06,4337937.56
2022-06-10,4362896.31
2022-06-15,4387393.48
2022-06-21,4399751.95
2022-06-22,4411944.43
2022-06-23,4417529.22
2022-06-24,4423073.8
2022-06-26,4439044.83
2022-06-30,4439520.65
2022-07-04,4443802.75
2022-07-05,4497480.47
2022-07-10,4514204.1
2022-07-12,4532352.93
2022-07-18,4548429.02
2022-07-19,4556964.46
2022-07-24,4574647.34
2022-07-25,4580512.77
2022-07-27,4590494.39
2022-07-28,4595218.72
2022-07-29,4605828.16
2022-07-30,4622093.33
2022-08-01,4625377.96
2022-08-04,4628673.63
2022-08-07,4638419.12
2022-08-13,4649921.97
2022-08-14,4651933.52
2022-08-19,4661289.96
2022-08-20,4669355.53
2022-08-22,4674790.03
2022-08-24,4683550.57
2022-08-28,4701260.92
2022-08-30,4705844.36
2022-08-31,4714064.52
2022-09-04,4721196.09
2022-09-08,4764511.51
2022-09-14,4771543.54
2022-09-16,4832197.01
2022-09-18,4860974.6
2022-09-29,4861289.77
2022-09-30,4875997.64
2022-10-06,4891139.31
2022-10-07,4892009.14
2022-10-10,4895026.19
2022-10-12,4916777.45
2022-10-14,4920679.62
2022-10-15,4929165.04
2022-10-17,4965640.44
2022-10-21,4973004.96
2022-10-22,4982865.95
2022-10-25,4990955.23
2022-11-06,5008259.71
2022-11-07,5030199.22
2022-11-08,5035387.29
2022-11-13,5043749.81
2022-11-14,5052701.06
2022-11-17,5093467.18
2022-11-18,5100054.33
2022-11-21,5107937.37
2022-11-27,5119027.45
2022-12-02,5132026.83
2022-12-05,5142788.47
2022-12-08,5160037.31
2022-12-09,5180135.09
2022-12-10,5203910.74
2022-12-14,5255539.62
2022-12-15,5278860.18
2022-12-16,5286340.1
2022-12-18,5316258.55
2022-12-19,5341440.36
2022-12-24,5367242.22
2023-01-03,5378837.07
2023-01-06,5426203.04
2023-01-09,5441844.92
2023-01-13,5491070.45
2023-01-14,5501224.99
2023-01-16,5508502.28
2023-01-17,5512065.74
2023-01-21,5525951.16
2023-01-24,5539765.88
2023-01-28,5552127.18
2023-01-30,5552774.59
2023-02-02,5556700.14
2023-02-04,5556937.62
2023-02-06,5563336.63
2023-02-07,5564039.81
2023-02-08,5571287.64
2023-02-12,5589788.29
2023-02-14,5594618.91
2023-02-16,5622200.5
2023-02-17,5632938.77
2023-02-19,5641535.94
2023-02-20,5648519.54
2023-02-22,5667575.64
2023-02-23,5698655.54
2023-02-24,5711457.81
2023-03-01,5746540.69
2023-03-03,5767358.8
2023-03-08,5781244.55
2023-03-09,5783899.99
2023-03-11,5809510.89
2023-03-12,5817966.43
2023-03-15,5831753.72
2023-03-19,5857650.21
2023-03-20,5874654.66
2023-03-21,5888810.93
2023-03-22,5890260.75
2023-03-24,5897251.61
2023-03-25,5900595.71
2023-03-27,5904718.16
2023-03-29,5904964.98
2023-03-30,5938921.67
2023-04-02,6003505.87
2023-04-04,6027885.34
2023-04-05,6044195.65
2023-04-06,6072469.81
2023-04-07,6082158.76
2023-04-14,6096994.79
2023-04-18,6121114.6
2023-04-19,6135687.02
2023-04-27,6146510.31
2023-04-28,6159071.77
2023-04-29,6177311.86
2023-04-30,6192080.89
2023-05-01,6193368.54
2023-05-10,6231110.22
2023-05-12,6266141.95
2023-05-13,6273838.11
2023-05-17,6279795.03
2023-05-18,6283200.23
2023-05-22,6286117.37
2023-06-02,6297343.44
2023-06-03,6310221.12
2023-06-06,6321822.93
2023-06-08,6353826.02
2023-06-09,6375858.9
2023-06-12,6375944.73
2023-06-13,6379042.27
2023-06-16,6386059.28
2023-06-17,6397278.78
2023-06-18,6410078.79
2023-06-19,6420126.07
2023-06-25,6434959.39
2023-07-03,6446251.94
2023-07-04,6468115.64
2023-07-05,6510509.46
2023-07-09,6533678.82
2023-07-14,6546000.91
2023-07-16,6547323.47
2023-07-17,6581940.06
2023-07-18,6627947.0
2023-07-19,6641949.31
2023-07-23,6645151.83
2023-07-24,6662060.04
2023-07-28,6721570.63
2023-08-01,6751318.42
2023-08-02,6759812.64
2023-08-05,6769200.07
2023-08-06,6778731.21
2023-08-07,6788240.46
2023-08-11,6813686.82
2023-08-14,6823281.83
2023-08-16,6834211.58
2023-08-18,6860917.79
2023-08-23,6868225.07
2023-08-24,6881255.67
2023-08-30,6894140.51
2023-09-06,6894300.72
2023-09-07,6914872.48
2023-09-08,6936000.44
2023-09-11,6936800.56
2023-09-15,6959324.96
2023-09-22,6966560.56
2023-09-24,6966777.51
2023-09-26,6975094.38
2023-09-27,6988987.71
2023-09-28,7000768.43
2023-10-02,7016013.2
2023-10-04,7047649.38
2023-10-05,7094995.21
2023-10-06,7100482.59
2023-10-07,7125657.47
2023-10-08,7129725.24
2023-10-10,7141277.29
2023-10-13,7155222.57
2023-10-14,7158450.62
2023-10-16,7166644.33
2023-10-17,7200538.19
2023-10-19,7215277.23
2023-10-25,7238391.99
2023-10-26,7251789.17
2023-10-31,7268757.57
2023-11-02,7280520.72
2023-11-05,7289583.01
2023-11-12,7299706.12
2023-11-24,7318099.96
2023-11-25,7330386.32
2023-11-28,7334310.19
2023-11-29,7339459.79
2023-11-30,7363625.44
2023-12-01,7369394.79
2023-12-03,7373291.55
2023-12-04,7391955.91
2023-12-06,7401939.64
2023-12-08,7413586.01
2023-12-10,7422436.95
2023-12-11,7427013.07
2023-12-13,7436749.22
2023-12-18,7454279.67
2023-12-20,7458167.0
2023-12-21,7465205.88
2023-12-22,7503450.42
2023-12-25,7524855.97
2023-12-29,7551750.4
2023-12-30,7565213.27
2024-01-05,7592241.05
2024-01-10,7600322.49
2024-01-12,7613772.1
2024-01-18,7632755.01
2024-01-19,7653563.28
2024-01-20,7670200.95
2024-01-21,7678980.1
2024-01-24,7682956.71
2024-01-27,7690159.2
2024-02-02,7709450.1
2024-02-04,7736910.41
2024-02-05,7745448.67
2024-02-06,7761800.28
2024-02-07,7768582.97
2024-02-08,7791485.86
2024-02-13,7829483.91
2024-02-14,7863818.33
2024-02-15,7870576.93
2024-02-17,7874043.58
2024-02-21,7888438.15
2024-02-22,7923011.13
2024-02-24,7929987.98
2024-02-25,7946864.34
2024-02-28,7997184.02
2024-03-09,7998001.17
2024-03-10,8016248.19
2024-03-11,8033172.11
2024-03-13,8039595.57
2024-03-14,8039869.5
2024-03-16,8053444.62
2024-03-17,8054157.19
2024-03-18,8069087.85
2024-03-22,8103026.53
2024-03-25,8132940.59
2024-03-26,8145871.33
2024-03-27,8155068.37
2024-03-28,8188159.11
2024-03-30,8216202.11
2024-04-05,8221845.45
2024-04-07,8225282.09
2024-04-08,8239255.42
2024-04-09,8249969.4
2024-04-10,8266596.96
2024-04-13,8290084.22
2024-04-14,8305852.59
2024-04-15,8325006.63
2024-04-16,8327089.93
2024-04-17,8330398.34
2024-04-23,8338450.95
2024-04-24,8346532.11
2024-04-25,8355458.74
2024-04-30,8360188.77
2024-05-01,8377289.15
2024-05-03,8384598.93
2024-05-07,8397302.26
2024-05-10,8412758.87
2024-05-17,8425040.18
2024-05-18,8429941.02
2024-05-20,8484588.29
2024-05-24,8503536.55
2024-05-27,8518687.73
2024-05-28,8549225.55
2024-05-31,8561269.71
2024-06-02,8573502.06
2024-06-03,8585798.55
2024-06-04,8607741.55
2024-06-05,8619990.7
2024-06-09,8650368.54
2024-06-12,8650491.25
2024-06-13,8660894.31
2024-06-18,8674591.23
2024-06-20,8697180.13
2024-06-22,8708396.1
2024-06-23,8725704.34
2024-06-27,8730268.9
2024-07-02,8756903.99
2024-07-04,8770156.14
2024-07-05,8773074.23
2024-07-10,8795235.43
2024-07-14,8808873.78
2024-07-29,8818237.16
2024-07-30,8836059.65
2024-07-31,8849108.79
2024-08-01,8852484.65
2024-08-02,8853193.91
2024-08-13,8868717.18
2024-08-19,8892947.45
2024-08-23,8914781.28
2024-08-24,8927787.66
2024-08-26,8931855.63
2024-08-30,8939492.42
2024-08-31,8941060.13
2024-09-03,8948551.68
2024-09-05,8956349.76
2024-09-07,8976582.53
2024-09-08,8980059.03
2024-09-10,8991136.94
2024-09-16,9003746.26
2024-09-17,9025903.69
2024-09-18,9045853.32
2024-09-19,9065287.06
2024-09-21,9076297.59
2024-09-23,9091356.31
2024-09-27,9107022.46
2024-09-28,9118023.7
2024-10-01,9119442.17
2024-10-02,9126717.88
2024-10-03,9126994.43
2024-10-05,9154707.6
2024-10-07,9161183.92
2024-10-08,9176587.55
2024-10-12,9180086.24
2024-10-14,9191891.73
2024-10-15,9202635.66
2024-10-16,9212460.39
2024-10-19,9229776.75
2024-10-20,9244140.57
2024-10-21,9254160.85
2024-10-23,9256974.85
2024-10-24,9273491.6
2024-10-26,9287741.5
2024-10-27,9300377.53
2024-10-29,9319471.04
2024-10-30,9328832.58
2024-11-03,9337410.84
2024-11-04,9340197.36
2024-11-12,9371058.03
2024-11-15,9405431.98
2024-11-16,9407463.16
2024-11-21,9420427.93
2024-11-24,9429369.16
2024-11-27,9476994.56
2024-11-28,9490399.56
2024-11-29,9491995.22
2024-12-02,9497153.07
2024-12-06,9510142.82
2024-12-09,9523861.73
2024-12-13,9539746.54
2024-12-14,9546011.58
2024-12-17,9553030.02
2024-12-20,9572059.8
2024-12-21,9583783.01
2024-12-23,9585065.5
2024-12-24,9597052.15
2024-12-26,9600283.04
2024-12-27,9601681.13
2024-12-28,9607386.06
2024-12-31,9612730.65
2025-01-01,9614423.81
2025-01-03,9620505.31
2025-01-07,9620858.96
2025-01-08,9624700.84
2025-01-13,9626515.58
2025-01-15,9630038.89
2025-01-19,9635825.29
2025-01-21,9648869.78
2025-01-24,9657991.84
2025-01-29,9659167.37
2025-01-31,9687480.97
2025-02-01,9702163.7
2025-02-04,9704880.14
2025-02-05,9738922.83
2025-02-06,9764833.15
2025-02-10,9767427.81
2025-02-12,9767817.22
2025-02-14,9784358.96
2025-02-16,9850314.41
2025-02-17,9865056.32
2025-02-19,9879223.96
2025-02-20,9880483.99
2025-02-21,9887606.14
2025-02-24,9897213.1
2025-02-25,9919337.7
2025-02-27,9921846.22
2025-03-01,9938944.9
2025-03-04,9949957.61
2025-03-05,9960090.34
2025-03-06,9969449.57
2025-03-09,9971116.55
2025-03-10,9986949.62
2025-03-14,10042935.58
2025-03-18,10044851.65
2025-03-19,10048405.91
2025-04-01,10079677.91
2025-04-03,10108034.99
2025-04-05,10111901.57
2025-04-07,10127875.35
2025-04-11,10148524.51
2025-04-12,10167466.15
2025-04-15,10177984.64
2025-04-16,10178524.96
2025-04-18,10211730.36
2025-04-19,10268146.76
2025-04-21,10277706.26
2025-04-22,10292496.87
2025-04-29,10302204.16
2025-04-30,10313076.18
2025-05-01,10326049.01
2025-05-03,10341279.16
2025-05-04,10345633.47
2025-05-06,10369883.7
2025-05-11,10370150.6
2025-05-13,10392424.0
2025-05-16,10433558.43
2025-05-17,10452331.5
2025-05-23,10462059.13
2025-05-25,10472044.06
2025-05-26,10480082.52
2025-05-29,10500564.46
2025-06-01,10507529.53
2025-06-02,10532454.74
2025-06-05,10552062.29
2025-06-06,10557765.82
2025-06-12,10574363.42
2025-06-20,10584680.52
2025-06-23,10586408.19
2025-06-24,10600383.64
2025-06-28,10602818.09
2025-07-01,10606201.86
2025-07-02,10625940.47
2025-07-05,10662951.41
2025-07-07,10690911.07
2025-07-12,10692841.1
2025-07-14,10714741.92
2025-07-18,10725675.02
2025-07-21,10753391.94
2025-07-22,10781156.1
2025-07-25,10791589.16
2025-07-26,10797421.85
2025-07-29,10807021.23
2025-07-31,10821023.71
2025-08-02,10826063.09
2025-08-03,10832041.03
2025-08-04,10856767.48
2025-08-08,10875758.0
2025-08-09,10913889.45
2025-08-11,10936068.32
2025-08-14,10962342.54
2025-08-15,10966778.16
2025-08-16,10970465.96
2025-08-18,10971045.23
2025-08-19,10980098.7
2025-08-20,10980625.7
2025-08-21,10994845.44
2025-08-23,11015163.54
2025-08-25,11029012.28
2025-08-26,11029556.85
2025-08-27,11034302.93
2025-08-28,11058106.25
2025-08-31,11095807.14
2025-09-01,11104620.19
2025-09-04,11118285.48
2025-09-05,11122798.79
2025-09-08,11134518.08
2025-09-12,11159595.38
2025-09-13,11183012.14
2025-09-20,11185155.58
2025-09-23,11186866.01
2025-09-25,11202667.25
2025-09-27,11210634.39
2025-09-30,11218096.06
2025-10-06,11225791.84
2025-10-09,11235078.42
2025-10-12,11241095.61
2025-10-27,11247102.06
2025-10-29,11254341.46
2025-11-02,11262738.78
2025-11-04,11291434.19
2025-11-05,11303231.06
2025-11-07,11331544.55
2025-11-09,11354082.69
2025-11-10,11377090.1
2025-11-11,11386959.1
2025-11-15,11396330.59
2025-11-16,11423239.5
2025-11-18,11457409.6
2025-11-26,11465232.37
2025-11-28,11505569.54
2025-11-30,11512617.34
2025-12-01,11549107.05
2025-12-02,11550911.24
2025-12-03,11561943.65
2025-12-08,11562346.1
2025-12-09,11582255.99
2025-12-11,11582736.98
2025-12-14,11598701.34
2025-12-16,11618573.95
2025-12-20,11640204.21
2025-12-22,11673372.32
2025-12-25,11675164.41
2025-12-29,11695329.87
2025-12-30,11732284.01
2025-12-31,11753147.74
2026-01-01,11761191.69
2026-01-02,11763817.27
2026-01-07,11772513.23
2026-01-10,11778538.09
2026-01-12,11784993.55
2026-01-14,11803123.5
2026-01-15,11808112.1
2026-01-16,11812275.22
2026-01-20,11828459.8
2026-01-21,11848242.65
2026-01-28,11864046.63
2026-01-30,11866338.27
2026-02-02,11877768.61
2026-02-04,11893226.74
2026-02-06,11902114.47
2026-02-10,11905154.17
2026-02-11,11915096.71
2026-02-13,11915470.53
2026-02-14,11916939.74
2026-02-15,11918904.46
2026-02-20,11921000.37
2026-02-21,11935577.45
2026-02-23,11943790.47
2026-02-24,11972195.31
2026-02-26,11980621.68
2026-03-01,11984645.31
2026-03-07,12018034.09
2026-03-12,12037087.03
2026-03-14,12046898.16
2026-03-15,12057595.27
2026-03-19,12057887.91
2026-03-21,12076599.16
2026-03-22,12080201.85
2026-03-23,12080950.32
2026-03-25,12101562.13
2026-03-26,12104061.83
2026-03-28,12118620.71
2026-03-29,12132086.47
2026-03-30,12137028.53
2026-04-01,12142529.31
2026-04-02,12163988.48
2026-04-04,12177955.52
2026-04-06,12187032.0
2026-04-13,12194786.4
2026-04-17,12205385.16
2026-04-23,12221620.98
2026-04-24,12240388.4
2026-04-26,12246671.02
2026-04-28,12303845.72
2026-05-04,12319020.74
2026-05-10,12334120.45
2026-05-11,12338065.41
2026-05-12,12357907.35
2026-05-14,12380542.6
2026-05-16,12394349.0
2026-05-26,12413887.98
2026-05-28,12416789.35
2026-06-02,12428748.32
2026-06-05,12436156.73
2026-06-07,12444971.0
2026-06-09,12445324.11
2026-06-10,12487368.29
2026-06-11,12487761.46
2026-06-12,12506634.46
2026-06-15,12510928.73
2026-06-16,12544350.43
2026-06-18,12553950.86
2026-06-20,12580088.27
2026-06-24,12592406.61
2026-06-25,12597404.38
2026-06-26,12601618.53
2026-07-03,12610154.68
2026-07-08,12618623.08
2026-07-15,12632050.02
2026-07-17,12655185.09
2026-07-24,12655484.32
2026-07-25,12661526.6
2026-07-26,12693522.31
2026-07-28,12703900.28
2026-08-02,12716545.29
2026-08-03,12719876.53
2026-08-06,12735888.85
2026-08-10,14165463.11
