customer_id,customer_name,region_code,revenue
CUST-00001,Theodore Arya,NCR,5469.67
CUST-00002,Pallavi Som,CENTRAL,14143.68
CUST-00002,Pallavi Som,WEST,402.45
CUST-00003,Caleb Loyal,EAST,12579.26
CUST-00004,Om Samra,EAST,10823.28
CUST-00004,Om Samra,NORTH,22488.86
CUST-00005,Harrison Chada,EAST,0.0
CUST-00005,Harrison Chada,NORTH,18607.43
CUST-00005,Harrison Chada,SOUTH,21590.18
CUST-00006,Victor Vora,CENTRAL,12836.9
CUST-00006,Victor Vora,NCR,9595.0
CUST-00007,Chameli Bath,CENTRAL,5055.85
CUST-00007,Chameli Bath,EAST,5174.08
CUST-00008,Warhi Bhatnagar,NCR,3645.01
CUST-00009,Zayan Khosla,EAST,14549.65
CUST-00009,Zayan Khosla,SOUTH,35933.34
CUST-00009,Zayan Khosla,WEST,26564.03
CUST-00010,Brinda Raman,NCR,10018.58
CUST-00011,Wakeeta Choudhary,NO_ORDERS,0.0
CUST-00012,Mohammed Sankar,NORTH,3485.26
CUST-00012,Mohammed Sankar,WEST,24379.47
CUST-00013,Ekani Bose,NO_ORDERS,0.0
CUST-00014,Aarna Prashad,CENTRAL,12232.35
CUST-00014,Aarna Prashad,NCR,16012.32
CUST-00015,Unni Gill,CENTRAL,44701.77
CUST-00015,Unni Gill,EAST,12454.61
CUST-00015,Unni Gill,WEST,8814.27
CUST-00016,Lucky Deo,CENTRAL,45542.62
CUST-00016,Lucky Deo,SOUTH,9599.33
CUST-00017,Leena Sampath,CENTRAL,9197.04
CUST-00017,Leena Sampath,EAST,10743.92
CUST-00017,Leena Sampath,SOUTH,23909.05
CUST-00018,Aarav Vyas,NORTH,7307.28
CUST-00018,Aarav Vyas,WEST,7801.37
CUST-00019,Dakshesh Koshy,CENTRAL,742.12
CUST-00019,Dakshesh Koshy,EAST,126.99
CUST-00019,Dakshesh Koshy,WEST,21726.49
CUST-00020,Mitali Bhargava,CENTRAL,9827.32
CUST-00020,Mitali Bhargava,EAST,7034.39
CUST-00020,Mitali Bhargava,WEST,11659.64
CUST-00021,Avni Tiwari,CENTRAL,17453.25
CUST-00021,Avni Tiwari,EAST,1287.65
CUST-00021,Avni Tiwari,WEST,1165.34
CUST-00022,Raagini Bahri,NORTH,12344.46
CUST-00022,Raagini Bahri,WEST,21751.26
CUST-00023,Devika Sarin,EAST,15971.03
CUST-00024,Harinakshi Khurana,CENTRAL,3602.69
CUST-00024,Harinakshi Khurana,EAST,12903.79
CUST-00024,Harinakshi Khurana,NORTH,7719.97
CUST-00025,Bachittar Ben,EAST,38530.87
CUST-00026,Eiravati Vohra,NCR,5039.38
CUST-00026,Eiravati Vohra,SOUTH,37416.22
CUST-00026,Eiravati Vohra,WEST,19082.46
CUST-00027,Ekta Arora,NO_ORDERS,0.0
CUST-00028,Tanvi Chander,CENTRAL,11994.77
CUST-00028,Tanvi Chander,EAST,2455.33
CUST-00028,Tanvi Chander,NORTH,23416.76
CUST-00028,Tanvi Chander,SOUTH,8213.02
CUST-00029,Bhavna Sidhu,CENTRAL,13967.04
CUST-00029,Bhavna Sidhu,NCR,28106.7
CUST-00029,Bhavna Sidhu,NORTH,14768.47
CUST-00029,Bhavna Sidhu,SOUTH,6780.14
CUST-00030,Champak Memon,CENTRAL,4544.2
CUST-00030,Champak Memon,NCR,36475.41
CUST-00031,Bhavya Oommen,SOUTH,8426.37
CUST-00032,Ekanta Bhagat,CENTRAL,7779.43
CUST-00033,Chatura Balay,CENTRAL,3946.58
CUST-00033,Chatura Balay,EAST,13041.91
CUST-00033,Chatura Balay,NORTH,21166.12
CUST-00034,Pratyush Sahota,NCR,2070.17
CUST-00034,Pratyush Sahota,SOUTH,4717.11
CUST-00035,Tamanna Sethi,SOUTH,4957.74
CUST-00036,Aayush Maharaj,CENTRAL,8438.13
CUST-00036,Aayush Maharaj,EAST,22639.99
CUST-00037,Chatresh Kohli,NO_ORDERS,0.0
CUST-00038,Oliver Agate,CENTRAL,12738.23
CUST-00038,Oliver Agate,NCR,7967.14
CUST-00038,Oliver Agate,WEST,15243.53
CUST-00039,Bhavna Ramaswamy,CENTRAL,7118.86
CUST-00039,Bhavna Ramaswamy,NORTH,7021.12
CUST-00039,Bhavna Ramaswamy,SOUTH,4180.29
CUST-00040,Zayyan Krishna,CENTRAL,42475.84
CUST-00040,Zayyan Krishna,NCR,10406.25
CUST-00041,Pallavi Dayal,EAST,23003.66
CUST-00041,Pallavi Dayal,SOUTH,3678.58
CUST-00042,Gaurangi Bhasin,EAST,2060.17
CUST-00043,Ishaan Ramachandran,SOUTH,14349.25
CUST-00043,Ishaan Ramachandran,WEST,0.0
CUST-00044,Yadavi Bahl,CENTRAL,12376.46
CUST-00044,Yadavi Bahl,WEST,31636.18
CUST-00045,Abha Dhingra,CENTRAL,34778.27
CUST-00045,Abha Dhingra,NCR,19909.88
CUST-00045,Abha Dhingra,SOUTH,14836.03
CUST-00045,Abha Dhingra,WEST,6274.03
CUST-00046,Siya Desai,EAST,19841.94
CUST-00046,Siya Desai,SOUTH,21941.06
CUST-00047,Varsha Sastry,NORTH,10273.82
CUST-00048,Bhavna Srinivasan,EAST,0.0
CUST-00048,Bhavna Srinivasan,NORTH,6504.39
CUST-00048,Bhavna Srinivasan,WEST,36489.71
CUST-00049,Vedhika Randhawa,EAST,11966.31
CUST-00049,Vedhika Randhawa,SOUTH,4023.63
CUST-00049,Vedhika Randhawa,WEST,2698.27
CUST-00050,Xalak Khosla,EAST,10697.11
CUST-00050,Xalak Khosla,SOUTH,18982.91
CUST-00052,Chakrika Gour,NCR,21091.83
CUST-00052,Chakrika Gour,SOUTH,8065.57
CUST-00052,Chakrika Gour,WEST,4830.62
CUST-00053,Teerth Narasimhan,NORTH,4102.08
CUST-00053,Teerth Narasimhan,WEST,18519.72
CUST-00054,Chandresh Kurian,CENTRAL,42393.82
CUST-00054,Chandresh Kurian,EAST,2644.73
CUST-00054,Chandresh Kurian,NCR,18623.1
CUST-00055,Vyanjana Oommen,NCR,0.0
CUST-00055,Vyanjana Oommen,NORTH,18981.59
CUST-00056,Fiyaz Nagarajan,SOUTH,11874.5
CUST-00057,Yahvi Varkey,NO_ORDERS,0.0
CUST-00058,Nicholas Brahmbhatt,EAST,12697.6
CUST-00058,Nicholas Brahmbhatt,SOUTH,14045.59
CUST-00058,Nicholas Brahmbhatt,WEST,38796.57
CUST-00059,Lipika Varty,CENTRAL,31417.67
CUST-00060,Tanvi Wason,EAST,24258.62
CUST-00060,Tanvi Wason,WEST,20545.44
CUST-00061,Veda Padmanabhan,CENTRAL,21955.57
CUST-00061,Veda Padmanabhan,EAST,505.38
CUST-00061,Veda Padmanabhan,WEST,731.85
CUST-00062,Unnati Natt,CENTRAL,15672.06
CUST-00062,Unnati Natt,NCR,0.0
CUST-00062,Unnati Natt,SOUTH,0.0
CUST-00063,Yatin Bumb,NCR,6388.34
CUST-00063,Yatin Bumb,NORTH,14862.49
CUST-00063,Yatin Bumb,WEST,20280.48
CUST-00064,Sai Lanka,EAST,44572.34
CUST-00064,Sai Lanka,NCR,2671.43
CUST-00065,Ishita Bail,WEST,0.0
CUST-00066,Noah Dora,CENTRAL,32895.26
CUST-00066,Noah Dora,EAST,6703.59
CUST-00066,Noah Dora,NORTH,214.42
CUST-00066,Noah Dora,SOUTH,28976.67
CUST-00067,Abhiram Karpe,EAST,25709.82
CUST-00067,Abhiram Karpe,NORTH,7903.39
CUST-00068,Devansh Parsa,CENTRAL,4564.56
CUST-00069,Mitali Reddy,NCR,3466.65
CUST-00069,Mitali Reddy,NORTH,23544.15
CUST-00069,Mitali Reddy,SOUTH,13885.75
CUST-00069,Mitali Reddy,WEST,0.0
CUST-00070,Ekaraj Sathe,CENTRAL,18247.03
CUST-00070,Ekaraj Sathe,EAST,8424.3
CUST-00070,Ekaraj Sathe,WEST,18065.19
CUST-00071,Veer Sharaf,CENTRAL,9583.59
CUST-00071,Veer Sharaf,NCR,0.0
CUST-00071,Veer Sharaf,NORTH,389.42
CUST-00071,Veer Sharaf,WEST,15141.66
CUST-00072,Bimala Bains,NORTH,16545.6
CUST-00073,Wriddhish Guha,EAST,315.17
CUST-00073,Wriddhish Guha,NCR,21375.37
CUST-00073,Wriddhish Guha,SOUTH,1662.94
CUST-00074,Tanvi Peri,CENTRAL,20876.73
CUST-00074,Tanvi Peri,NCR,14925.74
CUST-00075,Advik Konda,CENTRAL,34649.36
CUST-00076,Libni Pingle,EAST,10621.71
CUST-00076,Libni Pingle,SOUTH,0.0
CUST-00077,Jasmit Reddy,NORTH,7461.67
CUST-00077,Jasmit Reddy,SOUTH,33090.75
CUST-00078,Hiral Contractor,CENTRAL,0.0
CUST-00078,Hiral Contractor,WEST,27818.14
CUST-00079,Triya Salvi,NCR,59920.96
CUST-00079,Triya Salvi,NORTH,8052.61
CUST-00079,Triya Salvi,WEST,3944.96
CUST-00080,Dominic Sankaran,CENTRAL,21313.89
CUST-00080,Dominic Sankaran,NORTH,6265.04
CUST-00081,Balvan Hegde,CENTRAL,6055.16
CUST-00081,Balvan Hegde,EAST,3383.77
CUST-00081,Balvan Hegde,SOUTH,13794.28
CUST-00081,Balvan Hegde,WEST,24230.27
CUST-00082,Ubika Nagar,EAST,8921.04
CUST-00082,Ubika Nagar,SOUTH,432.99
CUST-00082,Ubika Nagar,WEST,3819.92
CUST-00083,Atharv Tailor,NORTH,12740.47
CUST-00083,Atharv Tailor,SOUTH,1486.65
CUST-00084,Dominic Dutt,CENTRAL,13447.35
CUST-00084,Dominic Dutt,SOUTH,26148.54
CUST-00085,Divya Chhabra,NCR,1487.24
CUST-00085,Divya Chhabra,WEST,21939.51
CUST-00086,Hiral Divan,CENTRAL,9186.89
CUST-00086,Hiral Divan,EAST,9122.06
CUST-00087,Anusha Shukla,CENTRAL,0.0
CUST-00087,Anusha Shukla,NORTH,14790.61
CUST-00088,Ekantika Chacko,NO_ORDERS,0.0
CUST-00089,Zarna Mitra,WEST,3676.0
CUST-00090,Gaurang Sagar,NO_ORDERS,0.0
CUST-00091,Niharika Bhardwaj,CENTRAL,3976.61
CUST-00091,Niharika Bhardwaj,EAST,11185.7
CUST-00091,Niharika Bhardwaj,NCR,4724.34
CUST-00091,Niharika Bhardwaj,NORTH,11730.55
CUST-00092,Falak Gopal,CENTRAL,18941.64
CUST-00092,Falak Gopal,EAST,1708.76
CUST-00092,Falak Gopal,WEST,7636.79
CUST-00093,Mason Sarraf,EAST,3985.4
CUST-00093,Mason Sarraf,NCR,1305.6
CUST-00093,Mason Sarraf,NORTH,4530.14
CUST-00093,Mason Sarraf,SOUTH,25345.67
CUST-00093,Mason Sarraf,WEST,10477.69
CUST-00094,Saanvi Vig,NCR,3879.7
CUST-00095,Bhavini Kalla,EAST,15458.13
CUST-00095,Bhavini Kalla,NCR,28744.08
CUST-00096,Sneha Pingle,CENTRAL,12361.88
CUST-00096,Sneha Pingle,EAST,427.82
CUST-00097,Ansh Parmer,CENTRAL,9559.49
CUST-00097,Ansh Parmer,NCR,21322.38
CUST-00097,Ansh Parmer,SOUTH,33168.24
CUST-00097,Ansh Parmer,WEST,0.0
CUST-00098,Wyatt Dubey,NCR,12579.91
CUST-00099,Liam Joshi,CENTRAL,4282.11
CUST-00099,Liam Joshi,EAST,5879.51
CUST-00099,Liam Joshi,NCR,3543.33
CUST-00099,Liam Joshi,SOUTH,3345.79
CUST-00099,Liam Joshi,WEST,4850.51
CUST-00100,Triveni Varma,NCR,7760.51
CUST-00100,Triveni Varma,NORTH,20265.72
CUST-00100,Triveni Varma,SOUTH,19949.63
CUST-00100,Triveni Varma,WEST,3498.69
CUST-00102,Vrishti Natarajan,CENTRAL,122.72
CUST-00102,Vrishti Natarajan,SOUTH,6006.45
CUST-00103,Nachiket Balan,CENTRAL,10123.11
CUST-00103,Nachiket Balan,SOUTH,5385.24
CUST-00104,Jacob Sastry,CENTRAL,23484.05
CUST-00105,Shravya Palan,EAST,6860.36
CUST-00105,Shravya Palan,NCR,6782.68
CUST-00105,Shravya Palan,NORTH,42042.2
CUST-00106,Rajata Balakrishnan,SOUTH,99.93
CUST-00107,Ronith Nair,EAST,3866.58
CUST-00107,Ronith Nair,SOUTH,20628.02
CUST-00108,Avni Nayak,NORTH,18901.26
CUST-00109,Yagnesh Nigam,EAST,551.89
CUST-00109,Yagnesh Nigam,NCR,5530.15
CUST-00109,Yagnesh Nigam,SOUTH,10303.8
CUST-00110,Ronith Varma,EAST,712.57
CUST-00110,Ronith Varma,NCR,9912.19
CUST-00110,Ronith Varma,SOUTH,6399.01
CUST-00111,Raagini Upadhyay,NCR,26212.74
CUST-00111,Raagini Upadhyay,SOUTH,3230.89
CUST-00111,Raagini Upadhyay,WEST,11385.97
CUST-00112,Logan Manne,EAST,9981.62
CUST-00112,Logan Manne,NCR,5487.38
CUST-00112,Logan Manne,NORTH,14471.86
CUST-00112,Logan Manne,WEST,0.0
CUST-00113,Ati Sundaram,NORTH,14024.66
CUST-00113,Ati Sundaram,SOUTH,4109.75
CUST-00113,Ati Sundaram,WEST,12589.7
CUST-00114,Matthew Bhakta,EAST,13148.67
CUST-00115,Barkha Ahuja,NORTH,7872.94
CUST-00115,Barkha Ahuja,WEST,2716.44
CUST-00116,Pavani Swaminathan,SOUTH,9636.39
CUST-00116,Pavani Swaminathan,WEST,20420.01
CUST-00117,Jack Chandran,CENTRAL,10659.06
CUST-00117,Jack Chandran,WEST,5751.99
CUST-00118,Lila Mishra,SOUTH,50449.79
CUST-00118,Lila Mishra,WEST,10666.87
CUST-00119,Ekaraj Contractor,CENTRAL,56920.19
CUST-00119,Ekaraj Contractor,NCR,12960.19
CUST-00120,Sara Brar,CENTRAL,35032.64
CUST-00120,Sara Brar,SOUTH,9286.58
CUST-00120,Sara Brar,WEST,18148.82
CUST-00121,Yash Dhaliwal,NCR,12585.52
CUST-00121,Yash Dhaliwal,SOUTH,8316.87
CUST-00122,Nathan Swamy,NORTH,0.0
CUST-00123,Panini Bath,NCR,7346.92
CUST-00124,Reva Dugar,EAST,26982.16
CUST-00124,Reva Dugar,NCR,5977.93
CUST-00124,Reva Dugar,NORTH,43315.42
CUST-00124,Reva Dugar,SOUTH,17986.62
CUST-00124,Reva Dugar,WEST,20917.54
CUST-00125,Rachita Gola,NORTH,24634.12
CUST-00125,Rachita Gola,SOUTH,2917.15
CUST-00126,Isha Sastry,CENTRAL,25865.8
CUST-00126,Isha Sastry,NORTH,27072.48
CUST-00127,Aadhya Hora,CENTRAL,12609.32
CUST-00127,Aadhya Hora,EAST,7370.7
CUST-00127,Aadhya Hora,NCR,21777.39
CUST-00127,Aadhya Hora,NORTH,991.77
CUST-00127,Aadhya Hora,SOUTH,16484.86
CUST-00128,Jairaj Pandey,EAST,41475.51
CUST-00128,Jairaj Pandey,SOUTH,9633.4
CUST-00129,Vanya Thaman,CENTRAL,2271.13
CUST-00129,Vanya Thaman,EAST,14124.38
CUST-00129,Vanya Thaman,SOUTH,25867.93
CUST-00130,Hritik Dugar,NO_ORDERS,0.0
CUST-00131,Laban Wadhwa,SOUTH,11948.68
CUST-00132,Leena Ratti,NCR,4517.1
CUST-00132,Leena Ratti,SOUTH,4354.31
CUST-00132,Leena Ratti,WEST,353.65
CUST-00133,Vanya Ramachandran,NO_ORDERS,0.0
CUST-00134,Oscar Yogi,SOUTH,7699.65
CUST-00135,Neelima Andra,CENTRAL,11001.23
CUST-00135,Neelima Andra,NCR,6393.17
CUST-00135,Neelima Andra,NORTH,15099.61
CUST-00135,Neelima Andra,SOUTH,16794.69
CUST-00136,Omkaar More,CENTRAL,19417.11
CUST-00136,Omkaar More,NORTH,24385.8
CUST-00137,Chaitanya Narayan,NO_ORDERS,0.0
CUST-00138,Sai Dugal,NORTH,3796.03
CUST-00138,Sai Dugal,WEST,27763.44
CUST-00139,Maya Chauhan,CENTRAL,12963.97
CUST-00139,Maya Chauhan,EAST,21539.98
CUST-00139,Maya Chauhan,NCR,28777.59
CUST-00139,Maya Chauhan,SOUTH,36579.96
CUST-00140,Aayush Sodhi,CENTRAL,1483.31
CUST-00140,Aayush Sodhi,WEST,19056.11
CUST-00141,Warda Prakash,SOUTH,0.0
CUST-00142,Sai Vala,NCR,2291.64
CUST-00143,Dalbir Hegde,CENTRAL,24183.67
CUST-00143,Dalbir Hegde,NORTH,77656.64
CUST-00143,Dalbir Hegde,WEST,13975.45
CUST-00144,Ekaja Venkatesh,EAST,764.45
CUST-00144,Ekaja Venkatesh,SOUTH,3324.81
CUST-00145,Kalpit Mitra,CENTRAL,19029.78
CUST-00145,Kalpit Mitra,NORTH,20618.78
CUST-00146,Reva Prabhu,CENTRAL,8926.63
CUST-00146,Reva Prabhu,WEST,1592.64
CUST-00147,Tripti Dayal,NCR,3054.4
CUST-00147,Tripti Dayal,WEST,14142.13
CUST-00148,Vivaan Mital,CENTRAL,13628.45
CUST-00148,Vivaan Mital,EAST,1807.57
CUST-00149,Yashawini Swaminathan,CENTRAL,10609.43
CUST-00149,Yashawini Swaminathan,NCR,31726.7
CUST-00149,Yashawini Swaminathan,NORTH,15354.24
CUST-00149,Yashawini Swaminathan,SOUTH,7567.62
CUST-00150,Megha Chaudhary,NORTH,5177.25
CUST-00150,Megha Chaudhary,WEST,21630.26
CUST-00152,Abhimanyu Reddy,CENTRAL,27240.56
CUST-00152,Abhimanyu Reddy,EAST,10627.21
CUST-00152,Abhimanyu Reddy,WEST,9599.37
CUST-00153,Ekalinga Bala,NCR,5234.7
CUST-00153,Ekalinga Bala,SOUTH,29068.87
CUST-00154,Shaurya Raja,CENTRAL,17120.89
CUST-00154,Shaurya Raja,NCR,7695.78
CUST-00154,Shaurya Raja,WEST,0.0
CUST-00155,Balendra Roy,NCR,9073.7
CUST-00155,Balendra Roy,WEST,24925.21
CUST-00156,Indira Ben,CENTRAL,15175.03
CUST-00156,Indira Ben,EAST,13221.73
CUST-00156,Indira Ben,NCR,21900.81
CUST-00156,Indira Ben,SOUTH,18990.52
CUST-00156,Indira Ben,WEST,8032.63
CUST-00157,Irya Narayan,EAST,6888.14
CUST-00157,Irya Narayan,NORTH,8092.06
CUST-00157,Irya Narayan,WEST,10132.73
CUST-00158,Orinder Purohit,EAST,6423.46
CUST-00158,Orinder Purohit,NORTH,1814.73
CUST-00158,Orinder Purohit,SOUTH,17248.84
CUST-00159,Rishi Bains,NCR,10728.43
CUST-00159,Rishi Bains,SOUTH,37149.71
CUST-00160,Owen Upadhyay,CENTRAL,12999.38
CUST-00160,Owen Upadhyay,NORTH,15864.59
CUST-00161,Varsha Setty,NORTH,10614.03
CUST-00162,Garima Bhagat,CENTRAL,35156.25
CUST-00162,Garima Bhagat,NORTH,9361.54
CUST-00162,Garima Bhagat,SOUTH,9488.05
CUST-00163,Oni Gola,CENTRAL,16459.02
CUST-00163,Oni Gola,NORTH,2630.09
CUST-00163,Oni Gola,WEST,14870.31
CUST-00164,Ekansh Narayan,EAST,14930.65
CUST-00164,Ekansh Narayan,NCR,1080.98
CUST-00164,Ekansh Narayan,NORTH,6190.82
CUST-00165,Praneel Shroff,EAST,21134.58
CUST-00165,Praneel Shroff,SOUTH,7838.35
CUST-00165,Praneel Shroff,WEST,1804.19
CUST-00166,Anmol Sarkar,CENTRAL,16355.7
CUST-00166,Anmol Sarkar,NCR,24726.45
CUST-00166,Anmol Sarkar,SOUTH,16184.57
CUST-00167,Yahvi Suri,NORTH,7470.73
CUST-00167,Yahvi Suri,WEST,10582.88
CUST-00168,Aarav Bose,NCR,12787.52
CUST-00169,Atharv Baria,NCR,2764.3
CUST-00169,Atharv Baria,NORTH,1666.98
CUST-00169,Atharv Baria,SOUTH,25941.12
CUST-00169,Atharv Baria,WEST,944.37
CUST-00170,Tanay Tripathi,CENTRAL,0.0
CUST-00170,Tanay Tripathi,EAST,24101.96
CUST-00171,Raagini Borah,CENTRAL,14208.72
CUST-00171,Raagini Borah,NORTH,11959.55
CUST-00171,Raagini Borah,WEST,7197.81
CUST-00172,Lakshmi Wason,CENTRAL,33199.37
CUST-00172,Lakshmi Wason,EAST,19594.45
CUST-00172,Lakshmi Wason,NORTH,595.62
CUST-00172,Lakshmi Wason,SOUTH,14006.48
CUST-00173,Kabir Krishna,NORTH,18616.38
CUST-00173,Kabir Krishna,WEST,1672.63
CUST-00174,Harita Sandal,NORTH,40940.91
CUST-00175,Ubika Badami,NORTH,4538.5
CUST-00175,Ubika Badami,SOUTH,0.0
CUST-00175,Ubika Badami,WEST,3824.43
CUST-00176,Teerth Hari,CENTRAL,12718.04
CUST-00177,Aadi Nigam,CENTRAL,18061.09
CUST-00177,Aadi Nigam,EAST,7754.39
CUST-00177,Aadi Nigam,NCR,21436.85
CUST-00177,Aadi Nigam,SOUTH,3554.26
CUST-00177,Aadi Nigam,WEST,3214.74
CUST-00178,Aadi Bhat,EAST,0.0
CUST-00178,Aadi Bhat,NORTH,11720.11
CUST-00178,Aadi Bhat,SOUTH,2349.97
CUST-00179,Shaurya Sur,EAST,22436.65
CUST-00180,Ekaraj Tripathi,EAST,7247.83
CUST-00180,Ekaraj Tripathi,NCR,21459.17
CUST-00181,Aradhana Bala,CENTRAL,15479.08
CUST-00181,Aradhana Bala,SOUTH,9681.24
CUST-00181,Aradhana Bala,WEST,20542.33
CUST-00182,Jeevika Mander,CENTRAL,18848.84
CUST-00182,Jeevika Mander,NORTH,7032.04
CUST-00182,Jeevika Mander,SOUTH,11601.82
CUST-00182,Jeevika Mander,WEST,9861.0
CUST-00183,Timothy Nigam,CENTRAL,24119.81
CUST-00183,Timothy Nigam,NCR,0.0
CUST-00184,Gaurangi Rau,EAST,8850.94
CUST-00184,Gaurangi Rau,NCR,17461.08
CUST-00184,Gaurangi Rau,NORTH,15322.74
CUST-00184,Gaurangi Rau,WEST,9745.5
CUST-00185,Jeet Deo,EAST,14167.63
CUST-00185,Jeet Deo,NCR,9734.07
CUST-00186,Ansh Deo,CENTRAL,21604.38
CUST-00186,Ansh Deo,WEST,12625.12
CUST-00187,Arunima Sagar,EAST,6482.28
CUST-00188,Kai Karan,NCR,33063.04
CUST-00188,Kai Karan,NORTH,4812.93
CUST-00188,Kai Karan,SOUTH,4435.62
CUST-00188,Kai Karan,WEST,8469.33
CUST-00189,Ishita Dhaliwal,CENTRAL,21856.43
CUST-00189,Ishita Dhaliwal,NCR,13198.61
CUST-00189,Ishita Dhaliwal,NORTH,540.32
CUST-00189,Ishita Dhaliwal,WEST,15450.92
CUST-00190,Henry Lad,CENTRAL,3476.5
CUST-00190,Henry Lad,EAST,14520.09
CUST-00190,Henry Lad,WEST,12616.2
CUST-00191,Falguni Lall,NO_ORDERS,0.0
CUST-00192,Zashil Patil,EAST,9689.5
CUST-00192,Zashil Patil,NORTH,21129.98
CUST-00192,Zashil Patil,SOUTH,22888.58
CUST-00192,Zashil Patil,WEST,8678.35
CUST-00193,Anirudh Rege,CENTRAL,6976.85
CUST-00194,Chakradev Samra,SOUTH,14920.48
CUST-00194,Chakradev Samra,WEST,46269.96
CUST-00195,Gaurav Narasimhan,NCR,0.0
CUST-00195,Gaurav Narasimhan,SOUTH,17264.11
CUST-00195,Gaurav Narasimhan,WEST,17507.54
CUST-00196,Krishna Sibal,EAST,6658.24
CUST-00196,Krishna Sibal,NORTH,0.0
CUST-00196,Krishna Sibal,SOUTH,12472.68
CUST-00197,Manthan Balan,CENTRAL,15973.78
CUST-00198,Bahadurjit Pandya,NO_ORDERS,0.0
CUST-00199,Aarnav Sastry,SOUTH,3683.3
CUST-00200,Chaman De,NORTH,14739.04
CUST-00202,Abdul Murty,NCR,9631.53
CUST-00202,Abdul Murty,WEST,1517.95
CUST-00203,Saanvi Bajwa,CENTRAL,13867.55
CUST-00203,Saanvi Bajwa,NCR,8951.25
CUST-00203,Saanvi Bajwa,NORTH,353.11
CUST-00204,Zansi Gala,CENTRAL,9194.23
CUST-00205,Siddharth Varkey,CENTRAL,14156.27
CUST-00205,Siddharth Varkey,EAST,6198.63
CUST-00206,Gaurika Dhar,CENTRAL,11559.64
CUST-00206,Gaurika Dhar,NORTH,751.38
CUST-00206,Gaurika Dhar,SOUTH,27360.66
CUST-00207,Suhani Chowdhury,NCR,5750.95
CUST-00207,Suhani Chowdhury,WEST,1964.72
CUST-00208,Hritik Dasgupta,WEST,12770.91
CUST-00209,Umang Shetty,NCR,20318.11
CUST-00209,Umang Shetty,NORTH,21584.59
CUST-00210,Warda Yadav,EAST,24776.32
CUST-00211,Devansh Das,EAST,273.93
CUST-00211,Devansh Das,NORTH,16135.03
CUST-00211,Devansh Das,SOUTH,33692.13
CUST-00211,Devansh Das,WEST,16834.02
CUST-00212,Parth Sur,NO_ORDERS,0.0
CUST-00213,Ikbal Bedi,CENTRAL,11723.21
CUST-00213,Ikbal Bedi,EAST,11012.71
CUST-00213,Ikbal Bedi,NORTH,833.38
CUST-00213,Ikbal Bedi,SOUTH,4288.29
CUST-00213,Ikbal Bedi,WEST,3808.78
CUST-00214,Yachana Aggarwal,CENTRAL,4214.16
CUST-00214,Yachana Aggarwal,NORTH,1893.05
CUST-00214,Yachana Aggarwal,SOUTH,27548.12
CUST-00215,Hemani Gokhale,CENTRAL,7309.78
CUST-00215,Hemani Gokhale,NCR,29789.54
CUST-00216,Logan Murty,NCR,7431.07
CUST-00216,Logan Murty,NORTH,2095.92
CUST-00216,Logan Murty,SOUTH,14421.16
CUST-00217,Manthan Shere,CENTRAL,3968.62
CUST-00217,Manthan Shere,NCR,9235.51
CUST-00217,Manthan Shere,WEST,28122.78
CUST-00218,Ekavir Mukherjee,NCR,12972.83
CUST-00218,Ekavir Mukherjee,SOUTH,14682.73
CUST-00218,Ekavir Mukherjee,WEST,2440.77
CUST-00219,Chasmum Khanna,CENTRAL,10907.37
CUST-00219,Chasmum Khanna,EAST,4109.9
CUST-00219,Chasmum Khanna,NCR,8277.05
CUST-00219,Chasmum Khanna,WEST,43575.47
CUST-00220,Falan Kadakia,CENTRAL,10808.52
CUST-00220,Falan Kadakia,SOUTH,5802.02
CUST-00221,Chanchal Bhat,CENTRAL,3202.52
CUST-00221,Chanchal Bhat,EAST,15099.7
CUST-00221,Chanchal Bhat,SOUTH,20512.27
CUST-00222,Utkarsh Bhasin,EAST,15593.71
CUST-00222,Utkarsh Bhasin,SOUTH,9582.2
CUST-00223,Chakradev Karnik,CENTRAL,960.66
CUST-00223,Chakradev Karnik,EAST,15776.45
CUST-00223,Chakradev Karnik,SOUTH,3870.12
CUST-00224,Urishilla Sibal,EAST,7235.6
CUST-00224,Urishilla Sibal,NCR,16516.75
CUST-00225,Mohini Apte,SOUTH,37414.32
CUST-00226,Farhan Sami,EAST,33238.97
CUST-00226,Farhan Sami,WEST,25449.99
CUST-00227,Yahvi Chatterjee,CENTRAL,38065.98
CUST-00227,Yahvi Chatterjee,EAST,2430.74
CUST-00227,Yahvi Chatterjee,NCR,5431.23
CUST-00227,Yahvi Chatterjee,NORTH,34570.95
CUST-00227,Yahvi Chatterjee,WEST,304.01
CUST-00228,Harinakshi Tailor,CENTRAL,16310.31
CUST-00228,Harinakshi Tailor,NORTH,15513.77
CUST-00229,Fitan Sarkar,NCR,12216.2
CUST-00229,Fitan Sarkar,SOUTH,905.84
CUST-00229,Fitan Sarkar,WEST,12669.42
CUST-00230,Tanvi Narayan,SOUTH,3697.41
CUST-00231,Charles Soni,WEST,21956.88
CUST-00232,Deepa Bajwa,NO_ORDERS,0.0
CUST-00233,Karan Mandal,EAST,23439.03
CUST-00233,Karan Mandal,NCR,1424.36
CUST-00233,Karan Mandal,NORTH,10955.34
CUST-00233,Karan Mandal,SOUTH,4067.77
CUST-00233,Karan Mandal,WEST,12429.17
CUST-00234,Neha Purohit,NCR,0.0
CUST-00234,Neha Purohit,NORTH,10171.84
CUST-00234,Neha Purohit,SOUTH,2530.05
CUST-00234,Neha Purohit,WEST,18664.36
CUST-00235,Amruta Viswanathan,CENTRAL,15884.8
CUST-00236,Neelima Bhardwaj,CENTRAL,26016.34
CUST-00237,Dalaja Parsa,CENTRAL,27571.57
CUST-00238,Avni Suresh,NORTH,0.0
CUST-00238,Avni Suresh,WEST,7491.55
CUST-00239,Mason Ramakrishnan,SOUTH,45322.09
CUST-00239,Mason Ramakrishnan,WEST,7839.32
CUST-00240,Urvashi Anand,CENTRAL,6081.4
CUST-00240,Urvashi Anand,NCR,3092.61
CUST-00240,Urvashi Anand,WEST,5157.85
CUST-00242,Geetika Keer,CENTRAL,1595.66
CUST-00242,Geetika Keer,EAST,21127.96
CUST-00242,Geetika Keer,NCR,17264.9
CUST-00243,Vasudha Rai,CENTRAL,12296.49
CUST-00243,Vasudha Rai,EAST,2571.09
CUST-00243,Vasudha Rai,NCR,1934.84
CUST-00243,Vasudha Rai,SOUTH,0.0
CUST-00244,Ridhi Mistry,EAST,17385.24
CUST-00244,Ridhi Mistry,NORTH,6708.32
CUST-00244,Ridhi Mistry,SOUTH,16356.86
CUST-00245,Rohan Krishnamurthy,EAST,11667.64
CUST-00245,Rohan Krishnamurthy,NORTH,14758.99
CUST-00245,Rohan Krishnamurthy,WEST,1068.47
CUST-00246,Kiaan Sharaf,CENTRAL,5621.18
CUST-00247,Ayaan Dave,EAST,3563.46
CUST-00247,Ayaan Dave,NCR,8376.6
CUST-00247,Ayaan Dave,SOUTH,16778.38
CUST-00247,Ayaan Dave,WEST,8081.44
CUST-00248,Sai Dube,EAST,4086.23
CUST-00248,Sai Dube,NCR,13366.36
CUST-00249,Zashil Desai,NCR,6498.57
CUST-00249,Zashil Desai,NORTH,17982.86
CUST-00249,Zashil Desai,WEST,1253.99
CUST-00250,Upma Raj,NCR,13575.13
CUST-00252,Pratyush Sandhu,EAST,5673.58
CUST-00252,Pratyush Sandhu,NCR,0.0
CUST-00252,Pratyush Sandhu,SOUTH,16399.8
CUST-00252,Pratyush Sandhu,WEST,0.0
CUST-00253,Harini Dhar,EAST,23775.65
CUST-00254,Fitan Khanna,CENTRAL,4475.03
CUST-00254,Fitan Khanna,NCR,5674.4
CUST-00254,Fitan Khanna,WEST,17590.4
CUST-00255,Rushil Nagi,CENTRAL,6476.32
CUST-00255,Rushil Nagi,EAST,20165.46
CUST-00255,Rushil Nagi,SOUTH,18873.0
CUST-00256,Vinaya Sharma,CENTRAL,1464.34
CUST-00256,Vinaya Sharma,SOUTH,8092.55
CUST-00256,Vinaya Sharma,WEST,6912.39
CUST-00257,Ayushman Nigam,CENTRAL,11763.16
CUST-00257,Ayushman Nigam,EAST,10476.3
CUST-00258,Tanay Bansal,CENTRAL,14596.45
CUST-00258,Tanay Bansal,NORTH,18802.62
CUST-00258,Tanay Bansal,SOUTH,470.02
CUST-00259,Oeshi Wali,EAST,28042.94
CUST-00260,Jhalak Hans,NORTH,27393.99
CUST-00261,Yatin Dhaliwal,EAST,23668.91
CUST-00261,Yatin Dhaliwal,NORTH,96785.58
CUST-00261,Yatin Dhaliwal,SOUTH,4606.71
CUST-00262,Chameli Chahal,CENTRAL,0.0
CUST-00262,Chameli Chahal,EAST,9531.15
CUST-00263,Harish Seshadri,NO_ORDERS,0.0
CUST-00264,Fiyaz Srivastava,NORTH,33893.86
CUST-00264,Fiyaz Srivastava,SOUTH,11758.76
CUST-00264,Fiyaz Srivastava,WEST,15176.78
CUST-00265,Om Amble,NORTH,7017.88
CUST-00266,Ekavir Bassi,CENTRAL,6587.15
CUST-00267,Yochana Ahluwalia,CENTRAL,37010.94
CUST-00267,Yochana Ahluwalia,NCR,8535.44
CUST-00267,Yochana Ahluwalia,NORTH,8318.0
CUST-00267,Yochana Ahluwalia,SOUTH,3923.87
CUST-00268,Krishna Patla,CENTRAL,7295.29
CUST-00269,Ikshita Sharma,CENTRAL,16577.04
CUST-00269,Ikshita Sharma,WEST,13768.8
CUST-00270,Brinda Lad,NCR,17332.4
CUST-00270,Brinda Lad,WEST,16910.31
CUST-00271,Kashish Mittal,CENTRAL,5956.92
CUST-00271,Kashish Mittal,WEST,9220.86
CUST-00272,Mitali Srinivasan,CENTRAL,3028.58
CUST-00272,Mitali Srinivasan,EAST,21663.89
CUST-00272,Mitali Srinivasan,WEST,33956.69
CUST-00273,Yamini Handa,NCR,85.83
CUST-00274,Anirudh Warrior,NCR,7408.41
CUST-00274,Anirudh Warrior,NORTH,0.0
CUST-00275,Laksh Suresh,NORTH,11215.97
CUST-00275,Laksh Suresh,SOUTH,10383.67
CUST-00276,Vasana Nayak,SOUTH,27584.28
CUST-00277,Dhruv Bose,NORTH,21239.03
CUST-00277,Dhruv Bose,WEST,19046.76
CUST-00278,Ekaja Chaudhary,NCR,6680.31
CUST-00278,Ekaja Chaudhary,NORTH,50215.16
CUST-00279,Om Handa,NORTH,15687.4
CUST-00279,Om Handa,SOUTH,24368.66
CUST-00279,Om Handa,WEST,18715.93
CUST-00280,Varenya Sabharwal,CENTRAL,25610.9
CUST-00280,Varenya Sabharwal,EAST,29747.79
CUST-00280,Varenya Sabharwal,SOUTH,18306.63
CUST-00280,Varenya Sabharwal,WEST,26635.09
CUST-00281,Manthan Rama,NO_ORDERS,0.0
CUST-00282,Yatin Chandra,NCR,14204.34
CUST-00282,Yatin Chandra,SOUTH,11582.06
CUST-00282,Yatin Chandra,WEST,8953.52
CUST-00283,Vedant Bahri,CENTRAL,2237.98
CUST-00283,Vedant Bahri,NCR,3818.46
CUST-00284,Ekaraj Sibal,CENTRAL,29129.35
CUST-00285,Bishakha Bal,CENTRAL,12163.21
CUST-00286,Waida Apte,CENTRAL,8810.56
CUST-00286,Waida Apte,NORTH,3910.62
CUST-00287,Henry Ramaswamy,NCR,5532.32
CUST-00288,Kevin Ratti,EAST,6991.68
CUST-00289,Aadhya Sridhar,CENTRAL,19279.66
CUST-00289,Aadhya Sridhar,EAST,8193.32
CUST-00289,Aadhya Sridhar,NORTH,4653.12
CUST-00289,Aadhya Sridhar,SOUTH,17726.8
CUST-00290,Hardik Suresh,EAST,2167.32
CUST-00290,Hardik Suresh,NORTH,493.85
CUST-00290,Hardik Suresh,SOUTH,9371.5
CUST-00291,Gautami Sodhi,EAST,18165.97
CUST-00291,Gautami Sodhi,WEST,8220.16
CUST-00292,Gunbir Mukhopadhyay,EAST,6067.61
CUST-00292,Gunbir Mukhopadhyay,NORTH,6026.17
CUST-00292,Gunbir Mukhopadhyay,SOUTH,1370.12
CUST-00292,Gunbir Mukhopadhyay,WEST,6000.97
CUST-00293,Liam Chander,EAST,26894.43
CUST-00293,Liam Chander,NORTH,14107.59
CUST-00293,Liam Chander,SOUTH,18393.84
CUST-00293,Liam Chander,WEST,56695.85
CUST-00294,Madhavi Narayanan,EAST,4294.26
CUST-00295,Arin Varty,NCR,19324.39
CUST-00296,Warinder Shroff,CENTRAL,9501.08
CUST-00296,Warinder Shroff,EAST,12741.77
CUST-00296,Warinder Shroff,NORTH,5313.95
CUST-00296,Warinder Shroff,WEST,800.12
CUST-00297,Guneet Som,CENTRAL,3165.19
CUST-00297,Guneet Som,NCR,9824.73
CUST-00297,Guneet Som,NORTH,6578.31
CUST-00297,Guneet Som,SOUTH,0.0
CUST-00298,Baljiwan Chaudhuri,CENTRAL,11292.55
CUST-00298,Baljiwan Chaudhuri,SOUTH,29770.79
CUST-00299,Warinder Suresh,CENTRAL,3189.69
CUST-00299,Warinder Suresh,NCR,11259.34
CUST-00299,Warinder Suresh,WEST,31960.17
CUST-00300,Aryan Vohra,EAST,13449.62
CUST-00300,Aryan Vohra,NORTH,20051.41
CUST-00300,Aryan Vohra,SOUTH,19814.32
CUST-00302,Faqid Bassi,CENTRAL,20493.81
CUST-00302,Faqid Bassi,SOUTH,0.0
CUST-00303,Dev Ganguly,CENTRAL,9060.73
CUST-00303,Dev Ganguly,EAST,1272.54
CUST-00303,Dev Ganguly,WEST,17748.22
CUST-00304,Tripti Kaur,CENTRAL,0.0
CUST-00305,Netra Karan,NCR,0.0
CUST-00305,Netra Karan,SOUTH,3289.31
CUST-00306,Watika Sodhi,EAST,28873.7
CUST-00306,Watika Sodhi,WEST,5736.62
CUST-00307,Megha Balan,CENTRAL,24179.55
CUST-00307,Megha Balan,NCR,10413.05
CUST-00308,Anvi Oza,NO_ORDERS,0.0
CUST-00309,Amol Om,EAST,26081.69
CUST-00309,Amol Om,SOUTH,18767.42
CUST-00309,Amol Om,WEST,19569.72
CUST-00310,Varsha Devan,NORTH,7177.29
CUST-00310,Varsha Devan,SOUTH,3950.96
CUST-00311,Tanmayi Sathe,EAST,0.0
CUST-00312,Vedhika Som,EAST,18130.97
CUST-00312,Vedhika Som,NORTH,3887.38
CUST-00312,Vedhika Som,SOUTH,19187.69
CUST-00313,Ojas Seth,EAST,35429.15
CUST-00313,Ojas Seth,SOUTH,0.0
CUST-00314,Kabir Bahri,NCR,266.9
CUST-00314,Kabir Bahri,SOUTH,6448.69
CUST-00314,Kabir Bahri,WEST,2617.11
CUST-00315,Nathan Bhatnagar,NO_ORDERS,0.0
CUST-00316,Elijah Varghese,NORTH,5584.79
CUST-00317,Saksham Khosla,CENTRAL,5232.06
CUST-00317,Saksham Khosla,NCR,8038.45
CUST-00317,Saksham Khosla,NORTH,2148.13
CUST-00318,Anusha Kalla,NORTH,25174.88
CUST-00318,Anusha Kalla,WEST,0.0
CUST-00319,Krish Thakur,NO_ORDERS,0.0
CUST-00320,Umang Bhardwaj,NORTH,9689.86
CUST-00320,Umang Bhardwaj,SOUTH,14741.91
CUST-00321,Avi Dewan,CENTRAL,13660.01
CUST-00321,Avi Dewan,NORTH,0.0
CUST-00322,Jhalak Pandey,CENTRAL,299.23
CUST-00322,Jhalak Pandey,SOUTH,10468.73
CUST-00322,Jhalak Pandey,WEST,4099.37
CUST-00323,Wazir Lal,EAST,47117.08
CUST-00323,Wazir Lal,NCR,2406.02
CUST-00324,Upasna Ray,SOUTH,10926.74
CUST-00325,Ati Madan,CENTRAL,28274.16
CUST-00325,Ati Madan,NCR,17907.56
CUST-00325,Ati Madan,WEST,2924.02
CUST-00326,Jagat Pandey,EAST,21943.0
CUST-00326,Jagat Pandey,NORTH,26746.13
CUST-00327,Aarini Goda,NO_ORDERS,0.0
CUST-00328,Chakradev Madan,NORTH,27850.28
CUST-00329,Jagat Srinivas,CENTRAL,1865.44
CUST-00329,Jagat Srinivas,NORTH,26344.41
CUST-00329,Jagat Srinivas,WEST,26690.39
CUST-00330,Indrajit Bhatnagar,NCR,3898.17
CUST-00330,Indrajit Bhatnagar,WEST,1550.29
CUST-00331,Gaurang Pal,NCR,5968.05
CUST-00332,Chanakya Kanda,CENTRAL,4962.99
CUST-00332,Chanakya Kanda,EAST,2024.47
CUST-00332,Chanakya Kanda,WEST,4900.84
CUST-00333,Lekha Aggarwal,EAST,6455.46
CUST-00333,Lekha Aggarwal,NCR,7364.51
CUST-00333,Lekha Aggarwal,NORTH,14769.26
CUST-00333,Lekha Aggarwal,SOUTH,10518.5
CUST-00333,Lekha Aggarwal,WEST,20145.25
CUST-00334,Mahika Swaminathan,EAST,9587.16
CUST-00334,Mahika Swaminathan,NCR,393.16
CUST-00334,Mahika Swaminathan,NORTH,22538.15
CUST-00334,Mahika Swaminathan,SOUTH,32886.17
CUST-00335,Gauri Deo,EAST,3902.18
CUST-00335,Gauri Deo,NCR,1820.49
CUST-00336,Ishani Deshmukh,CENTRAL,8536.14
CUST-00336,Ishani Deshmukh,EAST,7603.3
CUST-00336,Ishani Deshmukh,NORTH,2786.53
CUST-00336,Ishani Deshmukh,SOUTH,6669.57
CUST-00337,Aishani Gopal,SOUTH,10929.75
CUST-00338,Charan Sidhu,NCR,11805.49
CUST-00338,Charan Sidhu,NORTH,13044.49
CUST-00338,Charan Sidhu,SOUTH,2625.58
CUST-00339,Luke Raj,CENTRAL,9606.96
CUST-00339,Luke Raj,WEST,12345.78
CUST-00340,Charvi Srinivasan,EAST,5643.34
CUST-00340,Charvi Srinivasan,NCR,9600.43
CUST-00340,Charvi Srinivasan,SOUTH,13405.0
CUST-00340,Charvi Srinivasan,WEST,0.0
CUST-00341,Aashi Gade,NO_ORDERS,0.0
CUST-00342,Lucky Menon,CENTRAL,13547.99
CUST-00342,Lucky Menon,NCR,15801.24
CUST-00342,Lucky Menon,NORTH,5083.21
CUST-00342,Lucky Menon,WEST,28974.5
CUST-00343,Chanakya Chakraborty,CENTRAL,6664.28
CUST-00344,Gaurika Bhatia,CENTRAL,18393.42
CUST-00344,Gaurika Bhatia,NORTH,16076.1
CUST-00344,Gaurika Bhatia,SOUTH,5149.59
CUST-00344,Gaurika Bhatia,WEST,527.0
CUST-00345,Ria Natt,CENTRAL,0.0
CUST-00345,Ria Natt,NORTH,11552.05
CUST-00346,Mohammed Mander,CENTRAL,0.0
CUST-00347,Faras Sampath,NCR,17825.81
CUST-00347,Faras Sampath,SOUTH,22422.18
CUST-00348,Waida Bahri,CENTRAL,14800.9
CUST-00348,Waida Bahri,EAST,11423.79
CUST-00348,Waida Bahri,NCR,5537.61
CUST-00348,Waida Bahri,SOUTH,12283.97
CUST-00348,Waida Bahri,WEST,14191.34
CUST-00349,Upma Amble,EAST,312.75
CUST-00349,Upma Amble,NORTH,24432.14
CUST-00350,Priya Modi,CENTRAL,37889.32
CUST-00350,Priya Modi,EAST,23780.44
CUST-00350,Priya Modi,NORTH,20863.73
CUST-00352,Chanakya Rastogi,EAST,4908.81
CUST-00352,Chanakya Rastogi,NORTH,4057.95
CUST-00352,Chanakya Rastogi,WEST,31002.16
CUST-00353,Wishi Mangal,EAST,38646.88
CUST-00353,Wishi Mangal,NCR,13848.74
CUST-00354,Reyansh Tripathi,CENTRAL,20062.87
CUST-00354,Reyansh Tripathi,EAST,14572.43
CUST-00354,Reyansh Tripathi,NCR,16160.53
CUST-00355,Zayan Chaudry,EAST,1439.36
CUST-00355,Zayan Chaudry,SOUTH,2758.73
CUST-00356,Anvi Ben,NORTH,17100.39
CUST-00357,Advaith Sen,NO_ORDERS,0.0
CUST-00358,Raghav Kumar,EAST,9783.56
CUST-00358,Raghav Kumar,WEST,26760.85
CUST-00359,Januja Samra,EAST,26579.8
CUST-00359,Januja Samra,NORTH,10948.6
CUST-00359,Januja Samra,WEST,17653.57
CUST-00360,Tanvi Bath,CENTRAL,12192.49
CUST-00360,Tanvi Bath,EAST,23428.72
CUST-00362,Lucky Gokhale,EAST,9285.75
CUST-00362,Lucky Gokhale,NORTH,1360.18
CUST-00362,Lucky Gokhale,WEST,17647.33
CUST-00363,Krisha Sridhar,CENTRAL,10047.28
CUST-00363,Krisha Sridhar,EAST,6246.53
CUST-00363,Krisha Sridhar,NORTH,31434.66
CUST-00363,Krisha Sridhar,SOUTH,28695.41
CUST-00364,Urmi Wali,NORTH,14564.76
CUST-00364,Urmi Wali,WEST,13283.47
CUST-00365,Ayush Zacharia,NORTH,16541.74
CUST-00365,Ayush Zacharia,SOUTH,9387.43
CUST-00365,Ayush Zacharia,WEST,4976.05
CUST-00366,Girik Srivastava,EAST,0.0
CUST-00367,Barkha Bora,CENTRAL,10761.64
CUST-00367,Barkha Bora,EAST,686.03
CUST-00367,Barkha Bora,NORTH,6042.28
CUST-00367,Barkha Bora,SOUTH,28779.16
CUST-00367,Barkha Bora,WEST,18902.09
CUST-00368,Yochana Kari,EAST,13513.43
CUST-00368,Yochana Kari,NORTH,14207.61
CUST-00369,Simon Yadav,CENTRAL,9984.93
CUST-00369,Simon Yadav,EAST,38516.17
CUST-00369,Simon Yadav,NCR,16591.62
CUST-00369,Simon Yadav,WEST,16627.56
CUST-00370,Daniel Ravel,CENTRAL,23055.3
CUST-00370,Daniel Ravel,WEST,15770.69
CUST-00371,Rayaan Golla,NORTH,6548.7
CUST-00372,Gautami Boase,NCR,2143.44
CUST-00372,Gautami Boase,SOUTH,15254.63
CUST-00372,Gautami Boase,WEST,9214.56
CUST-00373,Christopher Chad,CENTRAL,8397.32
CUST-00373,Christopher Chad,EAST,1661.57
CUST-00373,Christopher Chad,NCR,1970.86
CUST-00373,Christopher Chad,WEST,20022.71
CUST-00374,Mugdha Gaba,EAST,27778.25
CUST-00374,Mugdha Gaba,NORTH,5769.35
CUST-00375,Sarthak Ravi,EAST,19419.65
CUST-00375,Sarthak Ravi,WEST,6853.72
CUST-00376,Jairaj Goel,CENTRAL,25223.57
CUST-00376,Jairaj Goel,EAST,3295.66
CUST-00377,David Dugal,CENTRAL,521.1
CUST-00377,David Dugal,SOUTH,16668.06
CUST-00378,Fitan Khalsa,WEST,5337.64
CUST-00379,Urvi Kala,NCR,6726.45
CUST-00379,Urvi Kala,NORTH,9118.67
CUST-00379,Urvi Kala,SOUTH,0.0
CUST-00380,Shravya Jaggi,EAST,16876.36
CUST-00380,Shravya Jaggi,SOUTH,9276.59
CUST-00381,Azaan Sehgal,CENTRAL,7651.86
CUST-00381,Azaan Sehgal,EAST,1298.22
CUST-00381,Azaan Sehgal,NCR,0.0
CUST-00381,Azaan Sehgal,NORTH,27898.19
CUST-00382,Gavin Sanghvi,NCR,7423.93
CUST-00382,Gavin Sanghvi,NORTH,12322.09
CUST-00382,Gavin Sanghvi,WEST,4404.46
CUST-00383,Lajita Pandey,SOUTH,11195.52
CUST-00384,Harsh Deo,CENTRAL,30522.17
CUST-00384,Harsh Deo,EAST,20981.54
CUST-00384,Harsh Deo,NCR,10705.28
CUST-00384,Harsh Deo,NORTH,7669.05
CUST-00385,Eesha Kibe,CENTRAL,4554.9
CUST-00385,Eesha Kibe,NORTH,5786.39
CUST-00385,Eesha Kibe,SOUTH,26242.04
CUST-00386,Netra Hayre,CENTRAL,11426.57
CUST-00386,Netra Hayre,EAST,246.83
CUST-00386,Netra Hayre,NCR,13252.14
CUST-00387,Sai Dube,CENTRAL,14043.97
CUST-00387,Sai Dube,WEST,13852.2
CUST-00388,Balendra Sem,EAST,1727.67
CUST-00388,Balendra Sem,NORTH,18153.61
CUST-00388,Balendra Sem,WEST,2090.64
CUST-00389,Qasim Sha,CENTRAL,3775.49
CUST-00389,Qasim Sha,EAST,16616.17
CUST-00389,Qasim Sha,NCR,3297.35
CUST-00390,Parth Pandit,CENTRAL,39155.4
CUST-00390,Parth Pandit,EAST,8066.49
CUST-00390,Parth Pandit,SOUTH,8204.28
CUST-00391,Samarth Om,NORTH,9356.44
CUST-00391,Samarth Om,WEST,12742.66
CUST-00392,Orinder Panchal,CENTRAL,12285.02
CUST-00392,Orinder Panchal,NORTH,686.87
CUST-00392,Orinder Panchal,SOUTH,11162.11
CUST-00393,Vamakshi Gupta,NCR,19029.66
CUST-00393,Vamakshi Gupta,WEST,9233.92
CUST-00394,Nachiket Sankaran,CENTRAL,3228.05
CUST-00394,Nachiket Sankaran,NORTH,12800.0
CUST-00395,Darika Zacharia,EAST,41288.68
CUST-00396,Samarth Johal,CENTRAL,5599.16
CUST-00396,Samarth Johal,NCR,7232.85
CUST-00396,Samarth Johal,WEST,16637.67
CUST-00397,Prisha Mitra,CENTRAL,13397.19
CUST-00397,Prisha Mitra,NCR,8597.17
CUST-00398,Ucchal Kamdar,CENTRAL,3375.86
CUST-00398,Ucchal Kamdar,EAST,7343.6
CUST-00398,Ucchal Kamdar,NORTH,7196.27
CUST-00398,Ucchal Kamdar,WEST,20232.77
CUST-00399,Rachana Pal,EAST,8969.4
CUST-00399,Rachana Pal,NCR,7069.66
CUST-00399,Rachana Pal,NORTH,8988.81
CUST-00400,Faras Parmar,EAST,3642.75
CUST-00400,Faras Parmar,WEST,1804.17
CUST-00402,Lila Basu,NORTH,19538.98
CUST-00403,Leena Shetty,EAST,6993.37
CUST-00403,Leena Shetty,NCR,6761.21
CUST-00403,Leena Shetty,NORTH,8362.52
CUST-00404,Pushti Raghavan,CENTRAL,5344.59
CUST-00404,Pushti Raghavan,NCR,12281.31
CUST-00404,Pushti Raghavan,WEST,10149.82
CUST-00405,Gaurang D’Alia,EAST,20155.07
CUST-00405,Gaurang D’Alia,SOUTH,35438.11
CUST-00405,Gaurang D’Alia,WEST,4490.85
CUST-00406,Gautami Dada,CENTRAL,6983.6
CUST-00407,Kamya Loke,NCR,0.0
CUST-00407,Kamya Loke,SOUTH,10999.33
CUST-00408,Hamsini Joshi,EAST,33950.35
CUST-00408,Hamsini Joshi,NORTH,26908.91
CUST-00408,Hamsini Joshi,WEST,6024.86
CUST-00409,Krishna Dara,NORTH,22524.4
CUST-00409,Krishna Dara,SOUTH,28446.02
CUST-00409,Krishna Dara,WEST,216.96
CUST-00410,Niharika Dutt,EAST,544.57
CUST-00410,Niharika Dutt,NCR,9985.6
CUST-00410,Niharika Dutt,SOUTH,1583.01
CUST-00411,Faras Bhalla,EAST,8195.27
CUST-00411,Faras Bhalla,NCR,4988.6
CUST-00411,Faras Bhalla,NORTH,20769.18
CUST-00411,Faras Bhalla,WEST,337.57
CUST-00412,Vedika Malhotra,NORTH,6368.8
CUST-00412,Vedika Malhotra,WEST,35353.5
CUST-00413,Vasatika Gara,CENTRAL,6760.0
CUST-00413,Vasatika Gara,EAST,24499.41
CUST-00413,Vasatika Gara,NORTH,14065.98
CUST-00414,George Chaudhry,CENTRAL,9332.73
CUST-00414,George Chaudhry,NCR,5996.1
CUST-00414,George Chaudhry,NORTH,25077.3
CUST-00414,George Chaudhry,SOUTH,25171.94
CUST-00415,Triya Krishna,CENTRAL,19930.77
CUST-00415,Triya Krishna,NCR,16694.46
CUST-00416,Nicholas Chana,WEST,6481.71
CUST-00417,Megha Barad,NCR,22201.56
CUST-00417,Megha Barad,WEST,26137.41
CUST-00418,Anay Swamy,NO_ORDERS,0.0
CUST-00419,Abhiram Apte,CENTRAL,2944.62
CUST-00419,Abhiram Apte,EAST,26444.76
CUST-00419,Abhiram Apte,NCR,4208.34
CUST-00419,Abhiram Apte,NORTH,4263.54
CUST-00419,Abhiram Apte,WEST,15300.84
CUST-00420,Vasana Dora,NO_ORDERS,0.0
CUST-00421,Omkaar Khare,CENTRAL,9931.07
CUST-00421,Omkaar Khare,NCR,4163.12
CUST-00421,Omkaar Khare,SOUTH,6340.82
CUST-00422,Omkaar Bhatnagar,CENTRAL,10713.98
CUST-00423,Yagnesh Raghavan,NORTH,13462.87
CUST-00423,Yagnesh Raghavan,SOUTH,9915.94
CUST-00424,Pranav Pandya,CENTRAL,17822.48
CUST-00424,Pranav Pandya,WEST,0.0
CUST-00425,Anamika Uppal,CENTRAL,23732.94
CUST-00425,Anamika Uppal,NCR,4067.97
CUST-00425,Anamika Uppal,SOUTH,1449.82
CUST-00426,Chaitanya Singhal,CENTRAL,37357.93
CUST-00426,Chaitanya Singhal,SOUTH,3604.82
CUST-00427,Lakshit Ramesh,EAST,8468.41
CUST-00427,Lakshit Ramesh,NCR,30095.21
CUST-00427,Lakshit Ramesh,NORTH,28421.22
CUST-00427,Lakshit Ramesh,SOUTH,23594.5
CUST-00428,Harrison Kashyap,NCR,16983.19
CUST-00428,Harrison Kashyap,NORTH,17646.72
CUST-00429,Janya Doctor,CENTRAL,6366.01
CUST-00429,Janya Doctor,SOUTH,8413.91
CUST-00430,Faraj Saraf,EAST,27581.59
CUST-00430,Faraj Saraf,NORTH,15035.64
CUST-00431,Daksh Sarin,CENTRAL,22420.95
CUST-00431,Daksh Sarin,NORTH,10987.16
CUST-00431,Daksh Sarin,SOUTH,4088.31
CUST-00431,Daksh Sarin,WEST,45131.53
CUST-00432,Nimrat Krishna,EAST,4844.6
CUST-00432,Nimrat Krishna,NCR,18240.08
CUST-00432,Nimrat Krishna,SOUTH,10275.62
CUST-00432,Nimrat Krishna,WEST,2814.0
CUST-00433,Balveer Chahal,NCR,5500.78
CUST-00433,Balveer Chahal,WEST,1866.01
CUST-00434,Aditya Sheth,NCR,29558.2
CUST-00434,Aditya Sheth,NORTH,9788.07
CUST-00434,Aditya Sheth,SOUTH,12802.27
CUST-00434,Aditya Sheth,WEST,5964.95
CUST-00435,Finn Dar,CENTRAL,18295.42
CUST-00435,Finn Dar,EAST,0.0
CUST-00435,Finn Dar,SOUTH,3246.28
CUST-00436,Inaya Barad,CENTRAL,21879.54
CUST-00436,Inaya Barad,NORTH,5737.65
CUST-00436,Inaya Barad,SOUTH,21849.0
CUST-00437,Girindra Rao,EAST,13652.12
CUST-00437,Girindra Rao,SOUTH,13083.94
CUST-00437,Girindra Rao,WEST,22337.54
CUST-00438,Isha Tak,NO_ORDERS,0.0
CUST-00439,Pahal Trivedi,CENTRAL,8578.26
CUST-00439,Pahal Trivedi,NCR,23605.18
CUST-00439,Pahal Trivedi,NORTH,869.84
CUST-00439,Pahal Trivedi,WEST,9670.6
CUST-00440,Bahadurjit Salvi,CENTRAL,3687.8
CUST-00440,Bahadurjit Salvi,EAST,16685.38
CUST-00441,Zinal Reddy,NORTH,12654.06
CUST-00441,Zinal Reddy,SOUTH,33866.74
CUST-00441,Zinal Reddy,WEST,11190.38
CUST-00442,Xavier Gulati,NCR,14707.87
CUST-00442,Xavier Gulati,NORTH,1987.73
CUST-00443,Champak Ganesan,CENTRAL,5960.94
CUST-00443,Champak Ganesan,SOUTH,18750.69
CUST-00443,Champak Ganesan,WEST,23441.87
CUST-00444,Jackson Batta,CENTRAL,9077.57
CUST-00444,Jackson Batta,EAST,34439.22
CUST-00445,Oeshi Nori,NCR,23465.06
CUST-00446,Theodore Dara,EAST,1567.71
CUST-00446,Theodore Dara,NCR,1363.48
CUST-00446,Theodore Dara,SOUTH,3829.25
CUST-00447,Pavani Nagy,CENTRAL,24344.45
CUST-00447,Pavani Nagy,EAST,29345.88
CUST-00447,Pavani Nagy,NCR,10872.02
CUST-00448,Yuvraj Sethi,CENTRAL,3841.88
CUST-00448,Yuvraj Sethi,EAST,10525.98
CUST-00449,Bakhshi Khanna,EAST,8170.44
CUST-00449,Bakhshi Khanna,NCR,35763.8
CUST-00450,Advik Singhal,CENTRAL,8782.42
CUST-00450,Advik Singhal,EAST,2798.0
CUST-00450,Advik Singhal,NORTH,32181.7
CUST-00450,Advik Singhal,SOUTH,4827.05
CUST-00452,Sara Vasa,NCR,27551.32
CUST-00452,Sara Vasa,NORTH,13332.24
CUST-00453,Tara Manne,CENTRAL,6119.78
CUST-00454,Ria Shanker,NORTH,23533.69
CUST-00454,Ria Shanker,SOUTH,480.99
CUST-00454,Ria Shanker,WEST,22398.72
CUST-00455,Tanay Lata,NORTH,7302.65
CUST-00455,Tanay Lata,SOUTH,0.0
CUST-00456,Yashica Ramakrishnan,EAST,12967.01
CUST-00457,Watika Kota,CENTRAL,10039.58
CUST-00457,Watika Kota,EAST,0.0
CUST-00457,Watika Kota,NCR,18835.29
CUST-00458,Onveer Banerjee,EAST,7767.1
CUST-00458,Onveer Banerjee,NCR,11444.7
CUST-00458,Onveer Banerjee,NORTH,8485.42
CUST-00459,Damyanti Som,CENTRAL,0.0
CUST-00459,Damyanti Som,EAST,8286.07
CUST-00459,Damyanti Som,NORTH,1469.21
CUST-00459,Damyanti Som,SOUTH,20649.15
CUST-00459,Damyanti Som,WEST,0.0
CUST-00460,Dayita Suri,NO_ORDERS,0.0
CUST-00461,Tanvi Pathak,NCR,0.0
CUST-00461,Tanvi Pathak,SOUTH,11724.97
CUST-00462,Bishakha Gara,EAST,5865.42
CUST-00462,Bishakha Gara,SOUTH,3484.78
CUST-00463,Dominic Rajan,NCR,8760.54
CUST-00463,Dominic Rajan,SOUTH,12108.59
CUST-00464,Viraj Balakrishnan,CENTRAL,12703.32
CUST-00464,Viraj Balakrishnan,SOUTH,8313.06
CUST-00465,Henry Som,CENTRAL,13813.96
CUST-00465,Henry Som,EAST,12716.61
CUST-00465,Henry Som,NORTH,13867.31
CUST-00466,Omaja Shukla,CENTRAL,6469.57
CUST-00466,Omaja Shukla,SOUTH,5089.12
CUST-00466,Omaja Shukla,WEST,12361.3
CUST-00467,Bimala Issac,EAST,1930.03
CUST-00467,Bimala Issac,NCR,17314.79
CUST-00467,Bimala Issac,SOUTH,7199.09
CUST-00468,Zansi Brahmbhatt,EAST,5188.07
CUST-00469,Balendra Rajagopal,NCR,8119.7
CUST-00470,Jagrati Raghavan,WEST,3578.3
CUST-00471,Tristan Borde,NORTH,0.0
CUST-00471,Tristan Borde,SOUTH,15889.88
CUST-00472,Qasim Shanker,CENTRAL,14131.78
CUST-00472,Qasim Shanker,EAST,8455.54
CUST-00473,Anita Solanki,EAST,13366.91
CUST-00473,Anita Solanki,NCR,1932.63
CUST-00473,Anita Solanki,NORTH,11010.53
CUST-00474,Nilima Lanka,NCR,8541.23
CUST-00474,Nilima Lanka,NORTH,6399.49
CUST-00475,Indira Morar,NO_ORDERS,0.0
CUST-00476,Aayush Borra,CENTRAL,5411.44
CUST-00477,Omaja Dugar,CENTRAL,5003.83
CUST-00477,Omaja Dugar,WEST,19869.32
CUST-00478,Alka Manne,NORTH,11899.59
CUST-00478,Alka Manne,SOUTH,7947.24
CUST-00479,Ridhi Sibal,EAST,13013.04
CUST-00479,Ridhi Sibal,NCR,5997.57
CUST-00479,Ridhi Sibal,SOUTH,25784.28
CUST-00480,Radhika Hayre,NCR,15287.04
CUST-00480,Radhika Hayre,NORTH,4703.1
CUST-00480,Radhika Hayre,SOUTH,4354.53
CUST-00482,Gauri Parmer,CENTRAL,5782.15
CUST-00482,Gauri Parmer,NCR,18783.78
CUST-00482,Gauri Parmer,SOUTH,5958.7
CUST-00482,Gauri Parmer,WEST,0.0
CUST-00483,Victor Sheth,CENTRAL,7047.8
CUST-00483,Victor Sheth,NORTH,3335.9
CUST-00484,Mitali Seth,NO_ORDERS,0.0
CUST-00485,Caleb Trivedi,CENTRAL,8494.22
CUST-00485,Caleb Trivedi,NORTH,24755.53
CUST-00486,Faraj Nayak,NO_ORDERS,0.0
CUST-00487,Nitara Gandhi,NORTH,10426.98
CUST-00488,Kai Johal,EAST,28850.91
CUST-00489,Wazir Saha,CENTRAL,9736.15
CUST-00489,Wazir Saha,NORTH,25843.39
CUST-00489,Wazir Saha,SOUTH,10857.0
CUST-00490,Oliver Chad,SOUTH,24298.48
CUST-00491,Maya Wali,NORTH,11582.66
CUST-00492,Indrajit Setty,CENTRAL,30533.13
CUST-00492,Indrajit Setty,SOUTH,5704.93
CUST-00492,Indrajit Setty,WEST,20143.93
CUST-00493,Shaurya Dhaliwal,CENTRAL,16146.93
CUST-00493,Shaurya Dhaliwal,NCR,31272.0
CUST-00493,Shaurya Dhaliwal,NORTH,19859.76
CUST-00493,Shaurya Dhaliwal,WEST,3040.72
CUST-00494,Shravya Patil,CENTRAL,11986.65
CUST-00494,Shravya Patil,EAST,10154.54
CUST-00494,Shravya Patil,NCR,4345.45
CUST-00494,Shravya Patil,NORTH,13059.35
CUST-00494,Shravya Patil,SOUTH,461.1
CUST-00495,Atharv Dar,NO_ORDERS,0.0
CUST-00496,Kai Suresh,CENTRAL,9727.64
CUST-00496,Kai Suresh,SOUTH,5713.9
CUST-00497,Harish Nazareth,CENTRAL,14510.45
CUST-00497,Harish Nazareth,EAST,0.0
CUST-00497,Harish Nazareth,NCR,12400.85
CUST-00498,Nachiket Johal,EAST,19043.68
CUST-00499,Reva Soman,CENTRAL,6349.03
CUST-00499,Reva Soman,EAST,2415.99
CUST-00499,Reva Soman,NORTH,20316.59
CUST-00499,Reva Soman,SOUTH,3331.24
CUST-00499,Reva Soman,WEST,57000.45
CUST-00500,Tarak Pall,CENTRAL,4720.94
CUST-00500,Tarak Pall,EAST,28123.12
CUST-00500,Tarak Pall,SOUTH,5933.23
