customer_id,customer_name,registration_date
CUST-00060,Tanvi Wason,2018-01-03
CUST-00141,Warda Prakash,2018-01-16
CUST-00087,Anusha Shukla,2018-03-04
CUST-00028,Tanvi Chander,2018-03-10
CUST-00409,Krishna Dara,2018-03-10
CUST-00373,Christopher Chad,2018-03-11
CUST-00183,Timothy Nigam,2018-05-08
CUST-00068,Devansh Parsa,2018-05-11
CUST-00445,Oeshi Nori,2018-05-28
CUST-00400,Faras Parmar,2018-06-03
CUST-00204,Zansi Gala,2018-06-04
CUST-00106,Rajata Balakrishnan,2018-06-19
CUST-00471,Tristan Borde,2018-06-25
CUST-00285,Bishakha Bal,2018-07-07
CUST-00010,Brinda Raman,2018-07-18
CUST-00188,Kai Karan,2018-08-01
CUST-00339,Luke Raj,2018-08-12
CUST-00219,Chasmum Khanna,2018-09-03
CUST-00346,Mohammed Mander,2018-09-09
CUST-00260,Jhalak Hans,2018-09-10
CUST-00376,Jairaj Goel,2018-10-15
CUST-00129,Vanya Thaman,2018-10-25
CUST-00476,Aayush Borra,2018-10-27
CUST-00140,Aayush Sodhi,2018-10-28
CUST-00215,Hemani Gokhale,2018-11-07
CUST-00360,Tanvi Bath,2018-11-09
CUST-00403,Leena Shetty,2018-11-09
CUST-00482,Gauri Parmer,2018-12-01
CUST-00370,Daniel Ravel,2018-12-12
CUST-00412,Vedika Malhotra,2018-12-26
CUST-00415,Triya Krishna,2018-12-29
CUST-00397,Prisha Mitra,2019-02-06
CUST-00122,Nathan Swamy,2019-02-18
CUST-00276,Vasana Nayak,2019-03-11
CUST-00374,Mugdha Gaba,2019-03-31
CUST-00333,Lekha Aggarwal,2019-04-02
CUST-00205,Siddharth Varkey,2019-04-14
CUST-00234,Neha Purohit,2019-04-14
CUST-00035,Tamanna Sethi,2019-04-23
CUST-00273,Yamini Handa,2019-05-21
CUST-00316,Elijah Varghese,2019-06-09
CUST-00498,Nachiket Johal,2019-06-14
CUST-00063,Yatin Bumb,2019-06-17
CUST-00416,Nicholas Chana,2019-06-17
CUST-00304,Tripti Kaur,2019-07-02
CUST-00472,Qasim Shanker,2019-07-03
CUST-00459,Damyanti Som,2019-07-06
CUST-00038,Oliver Agate,2019-07-13
CUST-00247,Ayaan Dave,2019-07-30
CUST-00216,Logan Murty,2019-08-21
CUST-00126,Isha Sastry,2019-08-29
CUST-00164,Ekansh Narayan,2019-09-17
CUST-00207,Suhani Chowdhury,2019-09-21
CUST-00083,Atharv Tailor,2019-09-23
CUST-00091,Niharika Bhardwaj,2019-10-09
CUST-00388,Balendra Sem,2019-10-22
CUST-00408,Hamsini Joshi,2019-12-04
CUST-00231,Charles Soni,2019-12-16
CUST-00262,Chameli Chahal,2019-12-17
CUST-00324,Upasna Ray,2020-01-04
CUST-00202,Abdul Murty,2020-01-09
CUST-00419,Abhiram Apte,2020-01-15
CUST-00158,Orinder Purohit,2020-01-18
CUST-00452,Sara Vasa,2020-01-24
CUST-00180,Ekaraj Tripathi,2020-01-28
CUST-00466,Omaja Shukla,2020-01-30
CUST-00100,Triveni Varma,2020-02-07
CUST-00032,Ekanta Bhagat,2020-02-10
CUST-00337,Aishani Gopal,2020-02-16
CUST-00398,Ucchal Kamdar,2020-02-22
CUST-00348,Waida Bahri,2020-03-19
CUST-00206,Gaurika Dhar,2020-04-05
CUST-00353,Wishi Mangal,2020-04-17
CUST-00134,Oscar Yogi,2020-04-22
CUST-00171,Raagini Borah,2020-05-08
CUST-00103,Nachiket Balan,2020-05-31
CUST-00166,Anmol Sarkar,2020-06-06
CUST-00332,Chanakya Kanda,2020-06-15
CUST-00265,Om Amble,2020-06-16
CUST-00105,Shravya Palan,2020-07-05
CUST-00266,Ekavir Bassi,2020-07-26
CUST-00116,Pavani Swaminathan,2020-08-04
CUST-00121,Yash Dhaliwal,2020-08-07
CUST-00279,Om Handa,2020-08-26
CUST-00254,Fitan Khanna,2020-08-29
CUST-00343,Chanakya Chakraborty,2020-09-01
CUST-00317,Saksham Khosla,2020-09-29
CUST-00184,Gaurangi Rau,2020-10-07
CUST-00379,Urvi Kala,2020-10-13
CUST-00268,Krishna Patla,2020-10-27
CUST-00069,Mitali Reddy,2020-11-03
CUST-00404,Pushti Raghavan,2020-11-10
CUST-00174,Harita Sandal,2020-11-18
CUST-00356,Anvi Ben,2020-12-23
CUST-00042,Gaurangi Bhasin,2021-01-21
CUST-00396,Samarth Johal,2021-02-06
CUST-00044,Yadavi Bahl,2021-02-11
CUST-00468,Zansi Brahmbhatt,2021-02-16
CUST-00120,Sara Brar,2021-03-18
CUST-00249,Zashil Desai,2021-03-22
CUST-00135,Neelima Andra,2021-03-26
CUST-00109,Yagnesh Nigam,2021-03-29
CUST-00199,Aarnav Sastry,2021-04-07
CUST-00489,Wazir Saha,2021-04-07
CUST-00150,Megha Chaudhary,2021-04-25
CUST-00280,Varenya Sabharwal,2021-04-26
CUST-00155,Balendra Roy,2021-04-30
CUST-00372,Gautami Boase,2021-05-10
CUST-00430,Faraj Saraf,2021-05-23
CUST-00146,Reva Prabhu,2021-06-02
CUST-00347,Faras Sampath,2021-06-05
CUST-00440,Bahadurjit Salvi,2021-07-18
CUST-00229,Fitan Sarkar,2021-08-14
CUST-00443,Champak Ganesan,2021-08-14
CUST-00473,Anita Solanki,2021-08-17
CUST-00003,Caleb Loyal,2021-08-26
CUST-00236,Neelima Bhardwaj,2021-08-31
CUST-00056,Fiyaz Nagarajan,2021-09-08
CUST-00342,Lucky Menon,2021-09-11
CUST-00345,Ria Natt,2021-09-20
CUST-00092,Falak Gopal,2021-09-28
CUST-00020,Mitali Bhargava,2021-10-03
CUST-00154,Shaurya Raja,2021-10-04
CUST-00271,Kashish Mittal,2021-10-20
CUST-00047,Varsha Sastry,2021-10-23
CUST-00330,Indrajit Bhatnagar,2021-11-06
CUST-00048,Bhavna Srinivasan,2021-11-17
CUST-00479,Ridhi Sibal,2021-11-17
CUST-00019,Dakshesh Koshy,2021-12-07
CUST-00494,Shravya Patil,2021-12-16
CUST-00031,Bhavya Oommen,2021-12-17
CUST-00128,Jairaj Pandey,2021-12-18
CUST-00043,Ishaan Ramachandran,2021-12-21
CUST-00210,Warda Yadav,2021-12-22
CUST-00338,Charan Sidhu,2021-12-22
CUST-00182,Jeevika Mander,2022-01-06
CUST-00289,Aadhya Sridhar,2022-01-08
CUST-00295,Arin Varty,2022-01-17
CUST-00022,Raagini Bahri,2022-01-20
CUST-00001,Theodore Arya,2022-01-24
CUST-00107,Ronith Nair,2022-02-17
CUST-00145,Kalpit Mitra,2022-02-18
CUST-00457,Watika Kota,2022-02-21
CUST-00096,Sneha Pingle,2022-02-26
CUST-00050,Xalak Khosla,2022-03-02
CUST-00081,Balvan Hegde,2022-03-07
CUST-00235,Amruta Viswanathan,2022-03-08
CUST-00425,Anamika Uppal,2022-03-13
CUST-00414,George Chaudhry,2022-03-18
CUST-00478,Alka Manne,2022-04-30
CUST-00253,Harini Dhar,2022-05-07
CUST-00453,Tara Manne,2022-05-08
CUST-00078,Hiral Contractor,2022-05-12
CUST-00407,Kamya Loke,2022-05-12
CUST-00286,Waida Apte,2022-05-15
CUST-00055,Vyanjana Oommen,2022-05-17
CUST-00082,Ubika Nagar,2022-05-20
CUST-00387,Sai Dube,2022-05-27
CUST-00143,Dalbir Hegde,2022-06-04
CUST-00365,Ayush Zacharia,2022-06-05
CUST-00432,Nimrat Krishna,2022-06-07
CUST-00477,Omaja Dugar,2022-06-25
CUST-00220,Falan Kadakia,2022-07-27
CUST-00152,Abhimanyu Reddy,2022-08-08
CUST-00045,Abha Dhingra,2022-08-11
CUST-00114,Matthew Bhakta,2022-08-24
CUST-00228,Harinakshi Tailor,2022-09-09
CUST-00085,Divya Chhabra,2022-09-15
CUST-00002,Pallavi Som,2022-09-16
CUST-00222,Utkarsh Bhasin,2022-09-16
CUST-00239,Mason Ramakrishnan,2022-09-24
CUST-00485,Caleb Trivedi,2022-09-24
CUST-00368,Yochana Kari,2022-10-07
CUST-00102,Vrishti Natarajan,2022-11-06
CUST-00125,Rachita Gola,2022-11-09
CUST-00469,Balendra Rajagopal,2022-11-25
CUST-00041,Pallavi Dayal,2022-12-05
CUST-00311,Tanmayi Sathe,2022-12-06
CUST-00377,David Dugal,2022-12-09
CUST-00018,Aarav Vyas,2022-12-15
CUST-00059,Lipika Varty,2022-12-22
CUST-00298,Baljiwan Chaudhuri,2022-12-28
CUST-00303,Dev Ganguly,2022-12-31
CUST-00218,Ekavir Mukherjee,2023-01-02
CUST-00378,Fitan Khalsa,2023-01-06
CUST-00455,Tanay Lata,2023-01-06
CUST-00287,Henry Ramaswamy,2023-01-10
CUST-00496,Kai Suresh,2023-01-12
CUST-00426,Chaitanya Singhal,2023-01-29
CUST-00142,Sai Vala,2023-01-31
CUST-00238,Avni Suresh,2023-02-16
CUST-00149,Yashawini Swaminathan,2023-02-27
CUST-00444,Jackson Batta,2023-03-14
CUST-00245,Rohan Krishnamurthy,2023-04-04
CUST-00310,Varsha Devan,2023-04-12
CUST-00250,Upma Raj,2023-04-13
CUST-00406,Gautami Dada,2023-04-15
CUST-00029,Bhavna Sidhu,2023-04-16
CUST-00113,Ati Sundaram,2023-04-29
CUST-00213,Ikbal Bedi,2023-05-08
CUST-00442,Xavier Gulati,2023-05-11
CUST-00433,Balveer Chahal,2023-05-16
CUST-00221,Chanchal Bhat,2023-05-20
CUST-00007,Chameli Bath,2023-05-22
CUST-00436,Inaya Barad,2023-06-01
CUST-00492,Indrajit Setty,2023-06-03
CUST-00012,Mohammed Sankar,2023-06-08
CUST-00030,Champak Memon,2023-06-08
CUST-00148,Vivaan Mital,2023-06-21
CUST-00257,Ayushman Nigam,2023-07-06
CUST-00439,Pahal Trivedi,2023-07-19
CUST-00193,Anirudh Rege,2023-08-09
CUST-00364,Urmi Wali,2023-08-09
CUST-00054,Chandresh Kurian,2023-08-10
CUST-00108,Avni Nayak,2023-08-14
CUST-00095,Bhavini Kalla,2023-08-16
CUST-00179,Shaurya Sur,2023-09-02
CUST-00064,Sai Lanka,2023-09-07
CUST-00177,Aadi Nigam,2023-09-15
CUST-00272,Mitali Srinivasan,2023-09-20
CUST-00284,Ekaraj Sibal,2023-09-26
CUST-00323,Wazir Lal,2023-09-30
CUST-00461,Tanvi Pathak,2023-10-15
CUST-00325,Ati Madan,2023-10-17
CUST-00136,Omkaar More,2023-10-24
CUST-00170,Tanay Tripathi,2023-10-24
CUST-00053,Teerth Narasimhan,2023-12-02
CUST-00004,Om Samra,2023-12-21
CUST-00380,Shravya Jaggi,2024-01-06
CUST-00098,Wyatt Dubey,2024-01-20
CUST-00278,Ekaja Chaudhary,2024-01-20
CUST-00288,Kevin Ratti,2024-01-28
CUST-00131,Laban Wadhwa,2024-02-03
CUST-00024,Harinakshi Khurana,2024-02-11
CUST-00269,Ikshita Sharma,2024-03-17
CUST-00464,Viraj Balakrishnan,2024-03-30
CUST-00385,Eesha Kibe,2024-04-23
CUST-00209,Umang Shetty,2024-06-13
CUST-00458,Onveer Banerjee,2024-06-29
CUST-00178,Aadi Bhat,2024-06-30
CUST-00159,Rishi Bains,2024-07-03
CUST-00074,Tanvi Peri,2024-07-08
CUST-00185,Jeet Deo,2024-07-12
CUST-00424,Pranav Pandya,2024-07-16
CUST-00200,Chaman De,2024-07-18
CUST-00034,Pratyush Sahota,2024-07-20
CUST-00017,Leena Sampath,2024-07-24
CUST-00208,Hritik Dasgupta,2024-08-19
CUST-00391,Samarth Om,2024-09-17
CUST-00394,Nachiket Sankaran,2024-09-17
CUST-00252,Pratyush Sandhu,2024-10-03
CUST-00470,Jagrati Raghavan,2024-10-12
CUST-00115,Barkha Ahuja,2024-10-23
CUST-00413,Vasatika Gara,2024-10-30
CUST-00176,Teerth Hari,2024-11-01
CUST-00084,Dominic Dutt,2024-11-11
CUST-00275,Laksh Suresh,2024-11-14
CUST-00463,Dominic Rajan,2024-11-20
CUST-00326,Jagat Pandey,2024-11-23
CUST-00072,Bimala Bains,2024-12-09
CUST-00497,Harish Nazareth,2024-12-17
CUST-00299,Warinder Suresh,2024-12-27
CUST-00483,Victor Sheth,2025-01-07
CUST-00062,Unnati Natt,2025-01-17
CUST-00491,Maya Wali,2025-01-30
CUST-00073,Wriddhish Guha,2025-02-12
CUST-00104,Jacob Sastry,2025-02-13
CUST-00023,Devika Sarin,2025-02-27
CUST-00393,Vamakshi Gupta,2025-03-02
CUST-00456,Yashica Ramakrishnan,2025-03-09
CUST-00371,Rayaan Golla,2025-03-17
CUST-00462,Bishakha Gara,2025-03-17
CUST-00194,Chakradev Samra,2025-04-02
CUST-00243,Vasudha Rai,2025-04-03
CUST-00267,Yochana Ahluwalia,2025-04-06
CUST-00197,Manthan Balan,2025-04-13
CUST-00156,Indira Ben,2025-04-22
CUST-00181,Aradhana Bala,2025-05-03
CUST-00302,Faqid Bassi,2025-05-04
CUST-00500,Tarak Pall,2025-05-15
CUST-00160,Owen Upadhyay,2025-05-18
CUST-00217,Manthan Shere,2025-06-01
CUST-00077,Jasmit Reddy,2025-06-17
CUST-00052,Chakrika Gour,2025-06-26
CUST-00163,Oni Gola,2025-07-05
CUST-00132,Leena Ratti,2025-07-07
CUST-00123,Panini Bath,2025-08-06
CUST-00270,Brinda Lad,2025-08-17
CUST-00075,Advik Konda,2025-08-20
CUST-00227,Yahvi Chatterjee,2025-08-24
CUST-00318,Anusha Kalla,2025-08-28
CUST-00006,Victor Vora,2025-09-12
CUST-00383,Lajita Pandey,2025-10-07
CUST-00320,Umang Bhardwaj,2025-10-09
CUST-00224,Urishilla Sibal,2025-10-28
CUST-00386,Netra Hayre,2025-11-20
CUST-00211,Devansh Das,2025-11-23
CUST-00080,Dominic Sankaran,2025-11-24
CUST-00305,Netra Karan,2025-11-24
CUST-00422,Omkaar Bhatnagar,2025-12-14
CUST-00005,Harrison Chada,2025-12-19
CUST-00480,Radhika Hayre,2025-12-28
