order_id,customer_id
ORD-00001,
ORD-00021,
ORD-00041,
ORD-00060,
ORD-00081,
ORD-00101,
ORD-00120,
ORD-00138,
ORD-00161,
ORD-00180,
ORD-00201,
ORD-00221,
ORD-00240,
ORD-00261,
ORD-00191,
ORD-00300,
ORD-00321,
ORD-00341,
ORD-00360,
ORD-00381,
ORD-00401,
ORD-00420,
ORD-00441,
ORD-00461,
ORD-00480,
ORD-00501,
ORD-00521,
ORD-00540,
ORD-00481,
ORD-00581,
ORD-00600,
ORD-00621,
ORD-00641,
ORD-00660,
ORD-00681,
ORD-00495,
ORD-00720,
ORD-00741,
ORD-00761,
ORD-00780,
ORD-00801,
ORD-00821,
ORD-00840,
ORD-00861,
ORD-00881,
ORD-00900,
ORD-00921,
ORD-00941,
ORD-00960,
ORD-00576,
ORD-01001,
ORD-01020,
ORD-01041,
ORD-01061,
ORD-01080,
ORD-01101,
ORD-00319,
ORD-01140,
ORD-01161,
ORD-01181,
ORD-01200,
ORD-01221,
ORD-01241,
ORD-01260,
ORD-01281,
ORD-01301,
ORD-01320,
ORD-01341,
ORD-01361,
ORD-01380,
ORD-00069,
ORD-01421,
ORD-01440,
ORD-01461,
ORD-01481,
