order_id,customer_id,order_date,status,region_code,payment_method
ORD-00001,,2026-09-05,CANCELLED,NORTH,UPI
ORD-00002,CUST-00300,2024-01-12,RETURNED,EAST,Credit Card
ORD-00003,CUST-00170,2020-01-21,PLACED,CENTRAL,Debit Card
ORD-00004,CUST-00002,2023-10-16,SHIPPED,CENTRAL,Net Banking
ORD-00005,CUST-00237,2020-07-13,CANCELLED,CENTRAL,Debit Card
ORD-00006,CUST-00344,2021-02-17,PLACED,CENTRAL,Net Banking
ORD-00007,CUST-00091,2024-01-24,DELIVERED,CENTRAL,UPI
ORD-00008,CUST-00084,2023-12-20,RETURNED,CENTRAL,Debit Card
ORD-00009,CUST-00392,2024-12-23,PLACED,NORTH,Debit Card
ORD-00010,CUST-00292,2022-11-27,PLACED,WEST,UPI
ORD-00011,CUST-00403,2022-11-13,PLACED,NORTH,Debit Card
ORD-00012,CUST-00172,2024-12-23,CANCELLED,NORTH,Cash on Delivery
ORD-00013,CUST-00494,2024-12-24,PLACED,CENTRAL,UPI
ORD-00014,CUST-00118,2020-12-30,DELIVERED,WEST,Cash on Delivery
ORD-00015,CUST-00061,2026-12-12,PLACED,CENTRAL,Credit Card
ORD-00016,CUST-00119,2023-02-02,SHIPPED,CENTRAL,Debit Card
ORD-00017,CUST-00138,2021-08-12,CANCELLED,NORTH,Cash on Delivery
ORD-00018,CUST-00295,2023-03-19,CANCELLED,NCR,Debit Card
ORD-00019,CUST-00064,2025-04-18,SHIPPED,EAST,Cash on Delivery
ORD-00020,CUST-00105,2024-07-10,RETURNED,EAST,UPI
ORD-00021,,2024-02-02,SHIPPED,WEST,UPI
ORD-00022,CUST-00233,2020-11-03,SHIPPED,SOUTH,UPI
ORD-00023,CUST-00143,2026-04-28,DELIVERED,NORTH,Net Banking
ORD-00024,CUST-00039,2022-01-23,DELIVERED,NORTH,UPI
ORD-00025,CUST-00009,2025-11-10,DELIVERED,SOUTH,UPI
ORD-00026,CUST-00228,2023-04-05,DELIVERED,CENTRAL,Debit Card
ORD-00027,CUST-00349,2020-04-26,SHIPPED,NORTH,UPI
ORD-00028,CUST-00474,2026-08-25,SHIPPED,NCR,Credit Card
ORD-00029,CUST-00427,2026-07-08,SHIPPED,EAST,Credit Card
ORD-00030,CUST-00280,2024-07-02,RETURNED,WEST,Credit Card
ORD-00031,CUST-00291,2022-08-31,RETURNED,WEST,Net Banking
ORD-00032,CUST-00375,2021-02-25,SHIPPED,EAST,Cash on Delivery
ORD-00033,CUST-00069,2024-01-09,CANCELLED,WEST,Credit Card
ORD-00034,CUST-00216,21-08-2025,DELIVERED,SOUTH,UPI
ORD-00035,CUST-00164,2024-03-18,SHIPPED,EAST,Net Banking
ORD-00036,CUST-00039,2021-12-21,DELIVERED,SOUTH,UPI
ORD-00037,CUST-00174,2022-06-15,CANCELLED,NORTH,Credit Card
ORD-00038,CUST-00479,2024-04-14,DELIVERED,NCR,Credit Card
ORD-00039,CUST-00087,2025-04-22,RETURNED,NORTH,Credit Card
ORD-00040,CUST-00081,2026-02-11,CANCELLED,CENTRAL,Net Banking
ORD-00041,,2025-07-02,DELIVERED,NORTH,Debit Card
ORD-00042,CUST-00123,2025-02-06,RETURNED,NCR,Cash on Delivery
ORD-00043,CUST-00254,2024-04-24,DELIVERED,WEST,Cash on Delivery
ORD-00044,CUST-00332,2024-05-18,DELIVERED,WEST,Net Banking
ORD-00045,CUST-00375,2026-08-12,CANCELLED,EAST,Debit Card
ORD-00046,CUST-00369,2023-07-28,DELIVERED,NCR,Net Banking
ORD-00047,CUST-00241,2021-01-02,RETURNED,WEST,Debit Card
ORD-00048,CUST-00252,2024-09-26,CANCELLED,WEST,Debit Card
ORD-00049,CUST-00229,2025-08-14,RETURNED,WEST,Cash on Delivery
ORD-00050,CUST-00285,2022-05-06,DELIVERED,CENTRAL,UPI
ORD-00051,CUST-00045,2023-04-14,RETURNED,SOUTH,Net Banking
ORD-00052,CUST-00437,2021-04-08,CANCELLED,WEST,Credit Card
ORD-00053,CUST-00219,2020-07-08,RETURNED,EAST,UPI
ORD-00054,CUST-00342,2023-06-08,PLACED,WEST,Credit Card
ORD-00055,CUST-00071,2020-10-08,PLACED,NCR,UPI
ORD-00056,CUST-00312,2026-02-11,DELIVERED,NORTH,Cash on Delivery
ORD-00057,CUST-00369,2026-08-27,SHIPPED,EAST,Net Banking
ORD-00058,CUST-00222,2021-03-21,PLACED,EAST,UPI
ORD-00059,CUST-00280,2023-03-11,RETURNED,CENTRAL,Credit Card
ORD-00060,CUST-00364,2020-09-11,SHIPPED,NORTH,UPI
ORD-00060,,2020-12-12,SHIPPED,NORTH,Cash on Delivery
ORD-00062,CUST-00264,2023-12-06,CANCELLED,WEST,Credit Card
ORD-00063,CUST-00192,2024-11-27,CANCELLED,EAST,Debit Card
ORD-00064,CUST-00166,2025-08-04,DELIVERED,NCR,Credit Card
ORD-00065,CUST-00361,2020-07-21,RETURNED,CENTRAL,Credit Card
ORD-00066,CUST-00115,2025-02-04,PLACED,WEST,Debit Card
ORD-00067,CUST-00282,12-02-2023,PLACED,NCR,UPI
ORD-00068,CUST-00107,2025-04-05,CANCELLED,EAST,Credit Card
ORD-00069,CUST-00350,2025-12-31,DELIVERED,NORTH,Credit Card
ORD-00070,CUST-00084,2024-11-15,RETURNED,CENTRAL,Debit Card
ORD-00037,CUST-00102,2024-07-02,DELIVERED,WEST,Net Banking
ORD-00072,CUST-00454,2025-12-11,SHIPPED,SOUTH,Credit Card
ORD-00073,CUST-00492,2025-05-03,PLACED,CENTRAL,Net Banking
ORD-00074,CUST-00335,2022-10-14,DELIVERED,EAST,Credit Card
ORD-00075,CUST-00313,2024-10-29,CANCELLED,SOUTH,Cash on Delivery
ORD-00076,CUST-00370,2025-08-28,PLACED,WEST,UPI
ORD-00077,CUST-00227,2021-09-23,CANCELLED,WEST,Cash on Delivery
ORD-00078,CUST-00401,2025-12-28,RETURNED,WEST,Cash on Delivery
ORD-00079,CUST-00396,2021-07-23,CANCELLED,NCR,UPI
ORD-00080,CUST-00243,2020-06-23,DELIVERED,EAST,Debit Card
ORD-00081,,2026-08-18,SHIPPED,NCR,Cash on Delivery
ORD-00082,CUST-00437,2024-02-22,DELIVERED,SOUTH,UPI
ORD-00083,CUST-00109,2026-01-28,RETURNED,NCR,UPI
ORD-00084,CUST-00026,2026-10-19,DELIVERED,SOUTH,Cash on Delivery
ORD-00085,CUST-00015,2026-06-07,RETURNED,WEST,Credit Card
ORD-00086,CUST-00087,2023-05-31,DELIVERED,CENTRAL,UPI
ORD-00087,CUST-00267,2022-07-19,SHIPPED,NCR,UPI
ORD-00088,CUST-00119,2023-05-18,SHIPPED,CENTRAL,UPI
ORD-00089,CUST-00240,2025-03-10,PLACED,NCR,UPI
ORD-00090,CUST-00230,2020-09-03,DELIVERED,SOUTH,Cash on Delivery
ORD-00091,CUST-00387,2022-06-02,CANCELLED,WEST,Net Banking
ORD-00092,CUST-00332,2021-10-17,SHIPPED,CENTRAL,Net Banking
ORD-00093,CUST-00172,2025-05-16,SHIPPED,EAST,Net Banking
ORD-00094,CUST-00245,2026-02-10,DELIVERED,NORTH,Debit Card
ORD-00095,CUST-00480,2024-02-28,PLACED,NCR,Net Banking
ORD-00096,CUST-00249,2022-03-19,RETURNED,WEST,UPI
ORD-00097,CUST-00184,2023-12-10,RETURNED,EAST,Net Banking
ORD-00098,CUST-00209,2025-08-23,DELIVERED,NCR,Debit Card
ORD-00099,CUST-00496,2024-01-05,RETURNED,SOUTH,Credit Card
ORD-00100,CUST-00261,15-08-2026,PLACED,SOUTH,Net Banking
ORD-00101,,2024-01-03,SHIPPED,CENTRAL,Credit Card
ORD-00102,CUST-00414,2020-07-04,DELIVERED,SOUTH,Credit Card
ORD-00103,CUST-00148,2022-03-22,RETURNED,CENTRAL,Debit Card
ORD-00104,CUST-00215,2024-05-03,PLACED,CENTRAL,Net Banking
ORD-00105,CUST-00035,2022-12-14,DELIVERED,SOUTH,Net Banking
ORD-00106,CUST-00429,2020-04-11,RETURNED,CENTRAL,UPI
ORD-00107,CUST-00132,2022-04-25,RETURNED,NCR,Cash on Delivery
ORD-00108,CUST-00477,2020-05-18,SHIPPED,WEST,Debit Card
ORD-00109,CUST-00173,2020-07-23,SHIPPED,NORTH,Credit Card
ORD-00110,CUST-00202,2020-04-01,RETURNED,WEST,Net Banking
ORD-00111,CUST-00324,2020-12-05,RETURNED,SOUTH,Debit Card
ORD-00112,CUST-00139,2026-09-24,CANCELLED,CENTRAL,Net Banking
ORD-00113,CUST-00264,2026-08-24,CANCELLED,WEST,Credit Card
ORD-00114,CUST-00386,2020-01-11,RETURNED,CENTRAL,Credit Card
ORD-00115,CUST-00073,2021-11-17,SHIPPED,SOUTH,UPI
ORD-00116,CUST-00223,2026-09-18,PLACED,EAST,Net Banking
ORD-00117,CUST-00012,2023-04-04,RETURNED,WEST,Credit Card
ORD-00118,CUST-00434,2020-04-03,RETURNED,NORTH,Credit Card
ORD-00119,CUST-00192,2020-12-25,SHIPPED,WEST,Debit Card
ORD-00120,CUST-00097,2026-08-24,PLACED,SOUTH,Net Banking
ORD-00120,,2026-05-06,PLACED,NCR,Credit Card
ORD-00122,CUST-00217,2021-07-17,PLACED,NCR,Cash on Delivery
ORD-00123,CUST-00374,2022-04-12,PLACED,EAST,Debit Card
ORD-00124,CUST-00367,2023-01-21,SHIPPED,SOUTH,UPI
ORD-00125,CUST-00195,2021-07-23,PLACED,WEST,Net Banking
ORD-00126,CUST-00261,2026-06-10,PLACED,EAST,Cash on Delivery
ORD-00127,CUST-00002,2025-12-08,RETURNED,WEST,UPI
ORD-00128,CUST-00169,2020-08-21,SHIPPED,WEST,Debit Card
ORD-00129,CUST-00280,2024-10-03,PLACED,SOUTH,Net Banking
ORD-00130,CUST-00121,2023-09-26,SHIPPED,SOUTH,UPI
ORD-00131,CUST-00369,2025-01-31,PLACED,EAST,Debit Card
ORD-00132,CUST-00004,2023-04-27,SHIPPED,EAST,Debit Card
ORD-00133,CUST-00296,05-09-2024,SHIPPED,NORTH,Cash on Delivery
ORD-00134,CUST-00408,2025-11-16,DELIVERED,NORTH,Cash on Delivery
ORD-00135,CUST-00025,2026-12-09,SHIPPED,EAST,Credit Card
ORD-00136,CUST-00217,2021-12-25,RETURNED,WEST,Cash on Delivery
ORD-00137,CUST-00245,2022-03-29,DELIVERED,EAST,Cash on Delivery
ORD-00138,CUST-00338,2024-10-14,DELIVERED,NCR,Credit Card
ORD-00139,CUST-00309,2026-09-03,CANCELLED,EAST,Cash on Delivery
ORD-00140,CUST-00174,2023-02-23,SHIPPED,NORTH,Cash on Delivery
ORD-00138,,2021-05-02,SHIPPED,NCR,UPI
ORD-00142,CUST-00409,2025-11-10,SHIPPED,SOUTH,Debit Card
ORD-00143,CUST-00394,2023-10-14,CANCELLED,CENTRAL,Cash on Delivery
ORD-00144,CUST-00360,2022-06-22,CANCELLED,CENTRAL,Debit Card
ORD-00145,CUST-00097,2025-02-06,CANCELLED,NCR,Credit Card
ORD-00146,CUST-00444,2024-09-27,SHIPPED,EAST,Net Banking
ORD-00147,CUST-00112,2026-03-23,DELIVERED,WEST,UPI
ORD-00148,CUST-00061,2021-08-17,SHIPPED,EAST,Credit Card
ORD-00149,CUST-00293,2025-02-05,PLACED,NORTH,UPI
ORD-00150,CUST-00093,2026-09-18,RETURNED,SOUTH,Cash on Delivery
ORD-00151,CUST-00266,2022-11-18,DELIVERED,CENTRAL,Debit Card
ORD-00152,CUST-00330,2022-06-03,DELIVERED,WEST,Credit Card
ORD-00153,CUST-00162,2024-10-30,DELIVERED,NORTH,Cash on Delivery
ORD-00154,CUST-00314,2026-09-26,DELIVERED,WEST,Debit Card
ORD-00155,CUST-00449,2023-11-30,SHIPPED,NCR,Net Banking
ORD-00156,CUST-00252,2021-09-08,SHIPPED,SOUTH,UPI
ORD-00157,CUST-00467,2026-08-14,SHIPPED,NCR,UPI
ORD-00158,CUST-00226,2020-03-06,RETURNED,EAST,Net Banking
ORD-00159,CUST-00146,2024-04-25,DELIVERED,CENTRAL,Debit Card
ORD-00160,CUST-00009,2023-04-02,PLACED,EAST,Debit Card
ORD-00161,,2026-08-17,RETURNED,CENTRAL,Cash on Delivery
ORD-00162,CUST-00190,2024-09-08,SHIPPED,CENTRAL,Net Banking
ORD-00163,CUST-00025,2025-03-06,RETURNED,EAST,UPI
ORD-00164,CUST-00490,2020-05-14,SHIPPED,SOUTH,UPI
ORD-00165,CUST-00007,2021-01-09,SHIPPED,EAST,Debit Card
ORD-00166,CUST-00181,24-11-2024,PLACED,CENTRAL,UPI
ORD-00167,CUST-00493,2025-04-01,DELIVERED,NCR,Debit Card
ORD-00168,CUST-00128,2020-04-12,PLACED,SOUTH,Net Banking
ORD-00169,CUST-00304,2021-09-18,RETURNED,CENTRAL,Debit Card
ORD-00170,CUST-00213,2024-01-21,PLACED,SOUTH,Cash on Delivery
ORD-00171,CUST-00389,2021-08-26,CANCELLED,EAST,Credit Card
ORD-00172,CUST-00167,2026-09-07,PLACED,WEST,Cash on Delivery
ORD-00173,CUST-00345,2020-03-13,PLACED,CENTRAL,Cash on Delivery
ORD-00174,CUST-00135,2024-06-05,PLACED,NCR,Net Banking
ORD-00175,CUST-00393,2022-12-14,PLACED,NCR,Net Banking
ORD-00176,CUST-00389,2026-08-23,SHIPPED,NCR,Debit Card
ORD-00177,CUST-00149,2022-07-29,RETURNED,CENTRAL,Debit Card
ORD-00178,CUST-00173,2026-08-29,CANCELLED,NORTH,Credit Card
ORD-00179,CUST-00373,2020-01-27,PLACED,WEST,Debit Card
ORD-00180,CUST-00239,2021-08-24,SHIPPED,SOUTH,Debit Card
ORD-00180,,2023-08-21,PLACED,WEST,Credit Card
ORD-00182,CUST-00113,2024-02-04,CANCELLED,NORTH,UPI
ORD-00183,CUST-00214,2026-06-26,SHIPPED,CENTRAL,Cash on Delivery
ORD-00184,CUST-00480,2024-10-01,SHIPPED,NORTH,UPI
ORD-00185,CUST-00439,2022-10-07,PLACED,NORTH,Cash on Delivery
ORD-00186,CUST-00299,2021-12-12,CANCELLED,NCR,Cash on Delivery
ORD-00187,CUST-00056,2021-08-08,SHIPPED,SOUTH,Debit Card
ORD-00188,CUST-00070,2026-08-29,CANCELLED,EAST,Debit Card
ORD-00189,CUST-00195,2021-03-03,SHIPPED,SOUTH,Cash on Delivery
ORD-00190,CUST-00236,2020-04-08,CANCELLED,CENTRAL,Net Banking
ORD-00191,CUST-00227,2021-09-16,DELIVERED,CENTRAL,Debit Card
ORD-00192,CUST-00119,2025-05-06,RETURNED,CENTRAL,Debit Card
ORD-00193,CUST-00298,2020-03-14,CANCELLED,SOUTH,Debit Card
ORD-00194,CUST-00020,2020-03-19,SHIPPED,WEST,Cash on Delivery
ORD-00195,CUST-00387,2022-12-15,RETURNED,CENTRAL,Net Banking
ORD-00196,CUST-00069,2024-02-17,SHIPPED,NCR,Credit Card
ORD-00197,CUST-00195,2026-05-25,PLACED,NCR,Cash on Delivery
ORD-00198,CUST-00302,2026-01-23,PLACED,CENTRAL,UPI
ORD-00199,CUST-00370,30-11-2020,CANCELLED,CENTRAL,Debit Card
ORD-00200,CUST-00110,2022-04-26,DELIVERED,NCR,UPI
ORD-00201,,2022-06-17,PLACED,WEST,UPI
ORD-00202,CUST-00330,2021-10-03,SHIPPED,NCR,Credit Card
ORD-00203,CUST-00103,2024-04-15,DELIVERED,SOUTH,UPI
ORD-00204,CUST-00178,2023-06-16,CANCELLED,EAST,Credit Card
ORD-00205,CUST-00052,2023-02-14,SHIPPED,WEST,Net Banking
ORD-00206,CUST-00423,2023-12-30,PLACED,NORTH,Cash on Delivery
ORD-00207,CUST-00499,2022-06-10,CANCELLED,WEST,Credit Card
ORD-00208,CUST-00432,2023-04-29,DELIVERED,NCR,Cash on Delivery
ORD-00209,CUST-00286,2024-10-20,SHIPPED,CENTRAL,Debit Card
ORD-00210,CUST-00492,2020-01-25,SHIPPED,CENTRAL,UPI
ORD-00073,CUST-00164,2026-08-31,PLACED,NORTH,Net Banking
ORD-00212,CUST-00117,2021-10-28,PLACED,WEST,Debit Card
ORD-00213,CUST-00045,2020-07-24,DELIVERED,CENTRAL,Net Banking
ORD-00214,CUST-00217,2026-02-21,DELIVERED,CENTRAL,Cash on Delivery
ORD-00215,CUST-00256,2026-09-24,RETURNED,WEST,UPI
ORD-00216,CUST-00048,2025-12-01,PLACED,WEST,Credit Card
ORD-00217,CUST-00413,2021-10-16,CANCELLED,CENTRAL,UPI
ORD-00218,CUST-00151,2024-02-22,SHIPPED,NORTH,Debit Card
ORD-00219,CUST-00219,2021-03-09,SHIPPED,WEST,Debit Card
ORD-00220,CUST-00119,2022-08-28,SHIPPED,CENTRAL,Credit Card
ORD-00221,,2023-01-24,SHIPPED,NORTH,UPI
ORD-00222,CUST-00447,2020-02-27,CANCELLED,EAST,Debit Card
ORD-00223,CUST-00082,2024-12-17,PLACED,WEST,Credit Card
ORD-00224,CUST-00064,2025-09-01,PLACED,NCR,Cash on Delivery
ORD-00225,CUST-00500,2023-06-17,DELIVERED,CENTRAL,UPI
ORD-00226,CUST-00485,2023-08-02,SHIPPED,CENTRAL,Credit Card
ORD-00227,CUST-00257,2020-05-21,DELIVERED,EAST,Debit Card
ORD-00228,CUST-00149,2020-09-12,PLACED,NCR,Credit Card
ORD-00229,CUST-00045,2025-12-09,CANCELLED,NCR,UPI
ORD-00230,CUST-00398,2024-09-07,SHIPPED,WEST,Debit Card
ORD-00231,CUST-00046,2024-02-21,RETURNED,SOUTH,Credit Card
ORD-00232,CUST-00036,11-12-2021,DELIVERED,CENTRAL,Net Banking
ORD-00233,CUST-00101,2022-07-25,RETURNED,CENTRAL,Credit Card
ORD-00234,CUST-00110,2024-03-17,CANCELLED,EAST,Net Banking
ORD-00235,CUST-00202,2020-04-15,PLACED,NCR,Cash on Delivery
ORD-00236,CUST-00339,2025-02-24,CANCELLED,CENTRAL,Debit Card
ORD-00237,CUST-00381,2020-01-15,RETURNED,EAST,UPI
ORD-00238,CUST-00287,2023-01-21,SHIPPED,NCR,Net Banking
ORD-00239,CUST-00388,2025-06-23,SHIPPED,EAST,Net Banking
ORD-00240,CUST-00283,2021-05-03,PLACED,NCR,Debit Card
ORD-00240,,2026-09-02,RETURNED,NCR,Cash on Delivery
ORD-00242,CUST-00309,2026-04-24,DELIVERED,SOUTH,Debit Card
ORD-00243,CUST-00282,2020-03-06,PLACED,NCR,Net Banking
ORD-00244,CUST-00363,2023-06-09,RETURNED,NORTH,Cash on Delivery
ORD-00245,CUST-00310,2020-08-14,DELIVERED,NORTH,UPI
ORD-00246,CUST-00482,2026-04-06,RETURNED,NCR,Net Banking
ORD-00247,CUST-00411,2026-09-03,SHIPPED,WEST,Net Banking
ORD-00248,CUST-00317,2024-10-26,PLACED,CENTRAL,UPI
ORD-00249,CUST-00163,2021-03-19,CANCELLED,NORTH,Net Banking
ORD-00250,CUST-00240,2022-10-03,CANCELLED,WEST,UPI
ORD-00251,CUST-00268,2023-12-18,DELIVERED,CENTRAL,Cash on Delivery
ORD-00252,CUST-00205,2021-04-13,PLACED,EAST,Net Banking
ORD-00253,CUST-00411,2024-10-29,DELIVERED,NORTH,Net Banking
ORD-00254,CUST-00338,2026-01-02,DELIVERED,SOUTH,Cash on Delivery
ORD-00255,CUST-00320,2025-05-13,CANCELLED,NORTH,Credit Card
ORD-00256,CUST-00322,2026-01-14,PLACED,SOUTH,Credit Card
ORD-00257,CUST-00354,2023-04-19,DELIVERED,EAST,UPI
ORD-00258,CUST-00052,2024-05-20,RETURNED,NCR,Net Banking
ORD-00259,CUST-00184,2022-05-23,CANCELLED,NORTH,Credit Card
ORD-00260,CUST-00211,2024-03-14,DELIVERED,EAST,Debit Card
ORD-00261,,2025-09-19,DELIVERED,EAST,Cash on Delivery
ORD-00262,CUST-00229,2020-11-29,SHIPPED,SOUTH,Cash on Delivery
ORD-00263,CUST-00344,2026-08-27,SHIPPED,CENTRAL,Credit Card
ORD-00264,CUST-00473,2024-09-21,DELIVERED,NORTH,Debit Card
ORD-00265,CUST-00364,12-05-2023,CANCELLED,WEST,Cash on Delivery
ORD-00266,CUST-00224,2023-09-22,DELIVERED,EAST,Credit Card
ORD-00267,CUST-00439,2023-08-08,SHIPPED,NCR,UPI
ORD-00268,CUST-00079,2024-04-23,SHIPPED,NORTH,Debit Card
ORD-00269,CUST-00365,2025-02-14,RETURNED,NORTH,UPI
ORD-00270,CUST-00052,2022-04-25,DELIVERED,NCR,UPI
ORD-00271,CUST-00177,2026-04-13,SHIPPED,EAST,UPI
ORD-00272,CUST-00060,2023-03-19,RETURNED,WEST,Credit Card
ORD-00273,CUST-00022,2021-04-17,DELIVERED,NORTH,UPI
ORD-00274,CUST-00173,2022-02-05,RETURNED,NORTH,Net Banking
ORD-00275,CUST-00143,2025-06-24,RETURNED,WEST,Debit Card
ORD-00276,CUST-00404,2024-12-31,DELIVERED,CENTRAL,Net Banking
ORD-00277,CUST-00480,2022-08-01,DELIVERED,NORTH,Cash on Delivery
ORD-00278,CUST-00085,2022-11-07,RETURNED,WEST,Credit Card
ORD-00279,CUST-00192,2026-06-10,CANCELLED,SOUTH,Cash on Delivery
ORD-00280,CUST-00116,2026-03-14,RETURNED,WEST,UPI
ORD-00191,,2023-08-17,DELIVERED,NORTH,Cash on Delivery
ORD-00282,CUST-00021,2026-08-16,SHIPPED,WEST,Credit Card
ORD-00283,CUST-00043,2021-11-02,PLACED,WEST,Credit Card
ORD-00284,CUST-00399,2020-08-29,DELIVERED,NORTH,Cash on Delivery
ORD-00285,CUST-00008,2026-09-04,RETURNED,NCR,Net Banking
ORD-00286,CUST-00084,2025-07-31,DELIVERED,SOUTH,UPI
ORD-00287,CUST-00474,2026-11-27,SHIPPED,NORTH,Net Banking
ORD-00288,CUST-00336,2020-01-03,RETURNED,EAST,Cash on Delivery
ORD-00289,CUST-00467,2023-09-06,PLACED,SOUTH,Debit Card
ORD-00290,CUST-00017,2024-02-22,CANCELLED,SOUTH,UPI
ORD-00291,CUST-00038,2023-04-02,RETURNED,CENTRAL,Debit Card
ORD-00292,CUST-00432,2024-10-23,SHIPPED,WEST,Net Banking
ORD-00293,CUST-00309,2024-08-24,DELIVERED,EAST,Cash on Delivery
ORD-00294,CUST-00128,2020-12-23,DELIVERED,SOUTH,Cash on Delivery
ORD-00295,CUST-00213,2022-05-09,DELIVERED,WEST,UPI
ORD-00296,CUST-00292,2026-08-29,PLACED,EAST,Debit Card
ORD-00297,CUST-00436,2023-11-25,PLACED,NORTH,Debit Card
ORD-00298,CUST-00381,17-01-2020,RETURNED,NORTH,Net Banking
ORD-00299,CUST-00150,2023-02-04,RETURNED,NORTH,Net Banking
ORD-00300,CUST-00129,2020-01-10,DELIVERED,SOUTH,UPI
ORD-00300,,2021-11-22,SHIPPED,EAST,Debit Card
ORD-00302,CUST-00284,2021-01-28,SHIPPED,CENTRAL,UPI
ORD-00303,CUST-00358,2024-01-19,DELIVERED,WEST,Credit Card
ORD-00304,CUST-00284,2020-07-13,DELIVERED,CENTRAL,Credit Card
ORD-00305,CUST-00417,2022-09-04,PLACED,NCR,Cash on Delivery
ORD-00306,CUST-00041,2025-11-05,DELIVERED,EAST,Cash on Delivery
ORD-00307,CUST-00303,2024-05-24,RETURNED,CENTRAL,Net Banking
ORD-00308,CUST-00459,2022-08-02,CANCELLED,CENTRAL,Debit Card
ORD-00309,CUST-00280,2022-05-21,SHIPPED,SOUTH,Cash on Delivery
ORD-00310,CUST-00145,2024-12-20,CANCELLED,CENTRAL,Debit Card
ORD-00311,CUST-00452,2025-08-31,PLACED,NORTH,UPI
ORD-00312,CUST-00107,2022-02-02,CANCELLED,SOUTH,Cash on Delivery
ORD-00313,CUST-00030,2023-02-12,SHIPPED,CENTRAL,Debit Card
ORD-00314,CUST-00168,2026-09-15,CANCELLED,NCR,UPI
ORD-00315,CUST-00219,2022-03-07,SHIPPED,CENTRAL,Debit Card
ORD-00316,CUST-00216,2021-05-03,SHIPPED,NCR,Debit Card
ORD-00317,CUST-00499,2026-08-19,CANCELLED,CENTRAL,Cash on Delivery
ORD-00318,CUST-00299,2023-09-28,CANCELLED,NCR,Cash on Delivery
ORD-00319,CUST-00390,2020-10-08,SHIPPED,CENTRAL,Credit Card
ORD-00320,CUST-00024,2021-03-19,RETURNED,NORTH,Credit Card
ORD-00321,,2026-08-21,DELIVERED,SOUTH,Debit Card
ORD-00322,CUST-00334,2026-06-16,PLACED,SOUTH,Credit Card
ORD-00323,CUST-00007,2022-04-11,DELIVERED,CENTRAL,Net Banking
ORD-00324,CUST-00188,2025-12-14,PLACED,NCR,Debit Card
ORD-00325,CUST-00150,2025-12-20,PLACED,WEST,Cash on Delivery
ORD-00326,CUST-00242,2026-03-26,SHIPPED,NCR,Cash on Delivery
ORD-00327,CUST-00227,2021-05-15,CANCELLED,NCR,UPI
ORD-00328,CUST-00337,2023-08-16,RETURNED,SOUTH,Cash on Delivery
ORD-00329,CUST-00240,2026-12-03,SHIPPED,CENTRAL,Net Banking
ORD-00330,CUST-00053,2020-07-30,SHIPPED,NORTH,Cash on Delivery
ORD-00331,CUST-00425,26-08-2024,SHIPPED,NCR,Net Banking
ORD-00332,CUST-00395,2026-06-02,SHIPPED,EAST,Debit Card
ORD-00333,CUST-00415,2021-09-02,PLACED,CENTRAL,Net Banking
ORD-00334,CUST-00497,2025-03-14,SHIPPED,CENTRAL,Net Banking
ORD-00335,CUST-00288,2024-09-10,DELIVERED,EAST,Cash on Delivery
ORD-00336,CUST-00105,2024-03-25,CANCELLED,NORTH,Debit Card
ORD-00337,CUST-00408,2020-11-19,RETURNED,EAST,Net Banking
ORD-00338,CUST-00352,2022-02-22,DELIVERED,WEST,UPI
ORD-00339,CUST-00148,2022-04-06,CANCELLED,EAST,Credit Card
ORD-00340,CUST-00405,2026-08-25,RETURNED,SOUTH,Debit Card
ORD-00341,,2020-01-31,SHIPPED,CENTRAL,Debit Card
ORD-00342,CUST-00196,2022-08-13,SHIPPED,EAST,UPI
ORD-00343,CUST-00322,2026-07-24,DELIVERED,CENTRAL,Debit Card
ORD-00344,CUST-00153,2026-03-19,DELIVERED,NCR,Net Banking
ORD-00345,CUST-00256,2026-08-27,DELIVERED,CENTRAL,Cash on Delivery
ORD-00346,CUST-00053,2020-05-10,CANCELLED,WEST,Net Banking
ORD-00347,CUST-00404,2024-05-17,SHIPPED,NCR,Net Banking
ORD-00348,CUST-00111,2026-09-04,DELIVERED,NCR,Cash on Delivery
ORD-00349,CUST-00243,2024-06-03,PLACED,CENTRAL,Cash on Delivery
ORD-00350,CUST-00356,2024-05-01,CANCELLED,NORTH,Net Banking
ORD-00338,CUST-00006,2020-08-01,SHIPPED,EAST,Debit Card
ORD-00352,CUST-00243,2021-10-12,CANCELLED,NCR,Cash on Delivery
ORD-00353,CUST-00350,2025-01-03,RETURNED,EAST,Net Banking
ORD-00354,CUST-00234,2021-09-25,CANCELLED,NORTH,Net Banking
ORD-00355,CUST-00041,2022-06-24,DELIVERED,SOUTH,Credit Card
ORD-00356,CUST-00034,2021-06-09,DELIVERED,NCR,UPI
ORD-00357,CUST-00359,2023-08-18,RETURNED,EAST,UPI
ORD-00358,CUST-00209,2025-08-14,CANCELLED,NORTH,Credit Card
ORD-00359,CUST-00025,2025-06-12,RETURNED,EAST,Net Banking
ORD-00360,CUST-00414,2025-12-16,CANCELLED,CENTRAL,Debit Card
ORD-00360,,2021-07-08,CANCELLED,WEST,Debit Card
ORD-00362,CUST-00277,2020-01-25,DELIVERED,NORTH,Credit Card
ORD-00363,CUST-00065,2026-09-02,RETURNED,WEST,Cash on Delivery
ORD-00364,CUST-00328,21-06-2020,SHIPPED,NORTH,UPI
ORD-00365,CUST-00443,2022-05-19,RETURNED,SOUTH,Credit Card
ORD-00366,CUST-00033,2020-09-13,DELIVERED,EAST,Net Banking
ORD-00367,CUST-00329,2021-11-18,SHIPPED,WEST,UPI
ORD-00368,CUST-00255,2026-06-12,CANCELLED,SOUTH,UPI
ORD-00369,CUST-00306,2020-06-15,RETURNED,WEST,Credit Card
ORD-00370,CUST-00333,2022-10-21,RETURNED,NCR,Debit Card
ORD-00371,CUST-00272,2020-05-28,SHIPPED,EAST,Net Banking
ORD-00372,CUST-00414,2022-07-24,CANCELLED,SOUTH,Cash on Delivery
ORD-00373,CUST-00441,2021-10-29,RETURNED,NORTH,Cash on Delivery
ORD-00374,CUST-00496,2025-05-23,SHIPPED,CENTRAL,Credit Card
ORD-00375,CUST-00362,2024-03-26,CANCELLED,WEST,Cash on Delivery
ORD-00376,CUST-00230,2026-12-20,PLACED,SOUTH,Credit Card
ORD-00377,CUST-00359,2024-12-06,SHIPPED,EAST,Cash on Delivery
ORD-00378,CUST-00431,2026-07-17,RETURNED,SOUTH,UPI
ORD-00379,CUST-00358,2026-10-30,CANCELLED,WEST,UPI
ORD-00380,CUST-00497,2023-06-25,PLACED,NCR,Net Banking
ORD-00381,,2026-07-26,RETURNED,NCR,Credit Card
ORD-00382,CUST-00372,2022-03-11,DELIVERED,SOUTH,Net Banking
ORD-00383,CUST-00392,2022-06-06,DELIVERED,SOUTH,Debit Card
ORD-00384,CUST-00015,2026-12-10,DELIVERED,CENTRAL,Debit Card
ORD-00385,CUST-00360,2023-12-08,RETURNED,EAST,Debit Card
ORD-00386,CUST-00172,2022-12-24,DELIVERED,CENTRAL,Credit Card
ORD-00387,CUST-00100,2023-10-25,RETURNED,NCR,Net Banking
ORD-00388,CUST-00350,2021-12-24,SHIPPED,EAST,Net Banking
ORD-00389,CUST-00192,2025-09-05,CANCELLED,SOUTH,Credit Card
ORD-00390,CUST-00041,2022-07-10,DELIVERED,EAST,Net Banking
ORD-00391,CUST-00318,2023-10-07,DELIVERED,NORTH,Net Banking
ORD-00392,CUST-00291,2023-12-25,PLACED,EAST,Cash on Delivery
ORD-00393,CUST-00314,2025-01-29,CANCELLED,WEST,Cash on Delivery
ORD-00394,CUST-00238,2020-09-03,RETURNED,NORTH,Debit Card
ORD-00395,CUST-00259,2026-08-14,SHIPPED,EAST,Credit Card
ORD-00396,CUST-00488,2022-05-16,CANCELLED,EAST,Net Banking
ORD-00397,CUST-00161,18-09-2026,DELIVERED,NORTH,Cash on Delivery
ORD-00398,CUST-00252,2023-10-03,SHIPPED,NCR,Credit Card
ORD-00399,CUST-00271,2022-01-19,DELIVERED,WEST,Cash on Delivery
ORD-00400,CUST-00019,2021-01-10,PLACED,EAST,Credit Card
ORD-00401,,2026-09-07,DELIVERED,NCR,Net Banking
ORD-00402,CUST-00239,2026-03-29,DELIVERED,SOUTH,Debit Card
ORD-00403,CUST-00500,2026-04-23,PLACED,EAST,Debit Card
ORD-00404,CUST-00402,2026-05-26,DELIVERED,NORTH,Cash on Delivery
ORD-00405,CUST-00334,2026-06-11,RETURNED,NCR,Debit Card
ORD-00406,CUST-00250,2024-03-16,PLACED,NCR,Debit Card
ORD-00407,CUST-00235,2024-12-13,RETURNED,CENTRAL,Net Banking
ORD-00408,CUST-00190,2024-02-14,PLACED,EAST,Net Banking
ORD-00409,CUST-00444,2025-05-17,PLACED,EAST,Net Banking
ORD-00410,CUST-00361,2022-09-10,PLACED,WEST,UPI
ORD-00411,CUST-00058,2026-08-30,SHIPPED,SOUTH,Debit Card
ORD-00412,CUST-00419,2025-07-18,PLACED,NORTH,Net Banking
ORD-00413,CUST-00488,2026-07-15,RETURNED,EAST,Credit Card
ORD-00414,CUST-00244,2026-04-23,CANCELLED,EAST,Debit Card
ORD-00415,CUST-00427,2026-09-02,CANCELLED,NORTH,UPI
ORD-00416,CUST-00376,2023-07-16,SHIPPED,CENTRAL,UPI
ORD-00417,CUST-00380,2024-02-25,SHIPPED,EAST,Net Banking
ORD-00418,CUST-00381,2024-06-18,PLACED,NORTH,Net Banking
ORD-00419,CUST-00176,2021-11-06,PLACED,CENTRAL,Net Banking
ORD-00420,CUST-00323,2026-03-07,DELIVERED,EAST,UPI
ORD-00420,,2024-07-01,SHIPPED,NCR,Credit Card
ORD-00422,CUST-00136,2020-11-13,CANCELLED,CENTRAL,Debit Card
ORD-00423,CUST-00430,2023-02-16,PLACED,EAST,Net Banking
ORD-00424,CUST-00004,2024-11-22,DELIVERED,NORTH,Cash on Delivery
ORD-00425,CUST-00399,2025-12-16,PLACED,NORTH,Debit Card
ORD-00426,CUST-00112,2023-10-06,DELIVERED,NCR,Cash on Delivery
ORD-00427,CUST-00171,2022-12-19,RETURNED,WEST,Debit Card
ORD-00428,CUST-00159,2024-03-22,RETURNED,NCR,Cash on Delivery
ORD-00429,CUST-00382,2020-11-19,RETURNED,NCR,Net Banking
ORD-00430,CUST-00126,13-10-2020,PLACED,NORTH,Debit Card
ORD-00431,CUST-00380,2022-12-15,CANCELLED,SOUTH,Cash on Delivery
ORD-00432,CUST-00009,2026-07-26,RETURNED,WEST,Net Banking
ORD-00433,CUST-00437,2023-10-02,RETURNED,EAST,UPI
ORD-00434,CUST-00146,2023-10-02,SHIPPED,WEST,UPI
ORD-00435,CUST-00299,2021-12-13,SHIPPED,WEST,Debit Card
ORD-00436,CUST-00361,2023-09-04,DELIVERED,CENTRAL,Credit Card
ORD-00437,CUST-00415,2020-08-11,CANCELLED,CENTRAL,Credit Card
ORD-00438,CUST-00076,2026-09-23,SHIPPED,EAST,Debit Card
ORD-00439,CUST-00276,2020-02-19,CANCELLED,SOUTH,Net Banking
ORD-00440,CUST-00116,2024-12-17,CANCELLED,SOUTH,Net Banking
ORD-00441,,2022-03-05,RETURNED,NCR,Net Banking
ORD-00442,CUST-00019,2022-04-01,CANCELLED,CENTRAL,Cash on Delivery
ORD-00443,CUST-00187,2026-12-08,DELIVERED,EAST,Cash on Delivery
ORD-00444,CUST-00063,2025-07-25,CANCELLED,WEST,Net Banking
ORD-00445,CUST-00261,2026-10-18,RETURNED,NORTH,Credit Card
ORD-00446,CUST-00426,2024-06-20,RETURNED,CENTRAL,Credit Card
ORD-00447,CUST-00128,2025-03-14,PLACED,EAST,Net Banking
ORD-00448,CUST-00063,2022-05-08,DELIVERED,NCR,Credit Card
ORD-00449,CUST-00405,2025-12-22,PLACED,EAST,Net Banking
ORD-00450,CUST-00377,2020-06-01,RETURNED,SOUTH,Net Banking
ORD-00451,CUST-00093,2021-08-13,DELIVERED,EAST,UPI
ORD-00452,CUST-00182,2021-12-25,DELIVERED,CENTRAL,Cash on Delivery
ORD-00453,CUST-00492,2023-07-19,RETURNED,WEST,UPI
ORD-00454,CUST-00041,2023-01-03,RETURNED,EAST,Credit Card
ORD-00455,CUST-00479,2022-08-14,DELIVERED,NCR,Credit Card
ORD-00456,CUST-00213,2025-03-04,PLACED,EAST,Debit Card
ORD-00457,CUST-00015,2026-09-06,SHIPPED,WEST,Cash on Delivery
ORD-00458,CUST-00320,2025-02-17,CANCELLED,SOUTH,Debit Card
ORD-00459,CUST-00092,2020-10-16,DELIVERED,EAST,Debit Card
ORD-00460,CUST-00270,2025-08-11,SHIPPED,WEST,Debit Card
ORD-00461,,2021-03-15,DELIVERED,SOUTH,Cash on Delivery
ORD-00462,CUST-00116,2022-07-30,CANCELLED,SOUTH,Debit Card
ORD-00463,CUST-00257,02-11-2023,PLACED,CENTRAL,Cash on Delivery
ORD-00464,CUST-00015,2026-04-17,RETURNED,CENTRAL,Credit Card
ORD-00465,CUST-00311,2024-03-18,RETURNED,EAST,Debit Card
ORD-00466,CUST-00171,2020-10-13,PLACED,CENTRAL,Credit Card
ORD-00467,CUST-00093,2026-08-02,SHIPPED,WEST,Debit Card
ORD-00468,CUST-00026,2025-08-02,CANCELLED,NCR,Credit Card
ORD-00469,CUST-00211,2025-07-07,RETURNED,WEST,Cash on Delivery
ORD-00470,CUST-00061,2024-05-27,PLACED,CENTRAL,UPI
ORD-00471,CUST-00279,2025-08-31,DELIVERED,SOUTH,UPI
ORD-00472,CUST-00332,2024-10-26,CANCELLED,EAST,Credit Card
ORD-00473,CUST-00394,2023-06-18,SHIPPED,NORTH,Cash on Delivery
ORD-00474,CUST-00280,2023-08-01,DELIVERED,EAST,Net Banking
ORD-00475,CUST-00467,2025-10-29,PLACED,NCR,Debit Card
ORD-00476,CUST-00367,2022-12-05,PLACED,CENTRAL,Debit Card
ORD-00477,CUST-00342,2025-02-16,PLACED,CENTRAL,Net Banking
ORD-00478,CUST-00265,2022-08-30,SHIPPED,NORTH,UPI
ORD-00479,CUST-00371,2023-11-25,DELIVERED,NORTH,Debit Card
ORD-00480,CUST-00022,2022-10-12,SHIPPED,WEST,Credit Card
ORD-00480,,2026-09-03,PLACED,SOUTH,Credit Card
ORD-00482,CUST-00352,2025-09-04,RETURNED,WEST,Credit Card
ORD-00483,CUST-00086,2026-10-15,CANCELLED,CENTRAL,Cash on Delivery
ORD-00484,CUST-00246,2026-09-08,CANCELLED,CENTRAL,UPI
ORD-00485,CUST-00411,2021-07-21,PLACED,EAST,Net Banking
ORD-00486,CUST-00099,2022-03-04,SHIPPED,EAST,Cash on Delivery
ORD-00487,CUST-00063,2020-12-30,CANCELLED,NORTH,Net Banking
ORD-00488,CUST-00436,2025-02-10,SHIPPED,SOUTH,Net Banking
ORD-00489,CUST-00078,2023-09-11,PLACED,CENTRAL,Credit Card
ORD-00490,CUST-00086,2025-01-24,SHIPPED,EAST,Net Banking
ORD-00470,CUST-00115,2024-10-17,DELIVERED,SOUTH,UPI
ORD-00492,CUST-00334,2025-09-23,CANCELLED,EAST,Debit Card
ORD-00493,CUST-00194,2023-07-24,DELIVERED,SOUTH,Credit Card
ORD-00494,CUST-00062,2020-01-25,SHIPPED,CENTRAL,Cash on Delivery
ORD-00495,CUST-00136,2022-11-17,PLACED,NORTH,Cash on Delivery
ORD-00496,CUST-00473,31-01-2025,DELIVERED,NCR,Net Banking
ORD-00497,CUST-00094,2026-08-12,DELIVERED,NCR,Debit Card
ORD-00498,CUST-00282,2024-06-05,DELIVERED,WEST,UPI
ORD-00499,CUST-00169,2024-11-27,CANCELLED,SOUTH,Cash on Delivery
ORD-00500,CUST-00182,2023-06-06,SHIPPED,SOUTH,Debit Card
ORD-00501,,2022-11-21,PLACED,NCR,UPI
ORD-00502,CUST-00350,2026-08-16,SHIPPED,CENTRAL,UPI
ORD-00503,CUST-00109,2021-02-02,RETURNED,EAST,Cash on Delivery
ORD-00504,CUST-00006,2020-06-07,CANCELLED,CENTRAL,Debit Card
ORD-00505,CUST-00386,2024-07-04,DELIVERED,NCR,Credit Card
ORD-00506,CUST-00450,2020-03-08,CANCELLED,NORTH,Cash on Delivery
ORD-00507,CUST-00229,2021-11-09,PLACED,NCR,Net Banking
ORD-00508,CUST-00351,2021-07-28,RETURNED,CENTRAL,Cash on Delivery
ORD-00509,CUST-00375,2026-09-21,PLACED,WEST,UPI
ORD-00510,CUST-00264,2023-10-17,PLACED,NORTH,UPI
ORD-00511,CUST-00118,2026-06-24,PLACED,SOUTH,Cash on Delivery
ORD-00512,CUST-00208,2021-11-01,PLACED,WEST,Credit Card
ORD-00513,CUST-00049,2026-09-10,SHIPPED,WEST,Net Banking
ORD-00514,CUST-00452,2020-10-02,DELIVERED,NCR,Credit Card
ORD-00515,CUST-00271,2023-05-17,PLACED,CENTRAL,Cash on Delivery
ORD-00516,CUST-00120,2022-07-12,RETURNED,WEST,Net Banking
ORD-00517,CUST-00428,2024-10-08,PLACED,NCR,Credit Card
ORD-00518,CUST-00156,2025-08-28,CANCELLED,WEST,Credit Card
ORD-00519,CUST-00322,2020-09-27,PLACED,WEST,Cash on Delivery
ORD-00520,CUST-00054,2021-11-21,RETURNED,EAST,Cash on Delivery
ORD-00521,,2025-02-01,DELIVERED,NORTH,Net Banking
ORD-00522,CUST-00439,2021-06-23,CANCELLED,WEST,UPI
ORD-00523,CUST-00271,2025-11-26,DELIVERED,WEST,Net Banking
ORD-00524,CUST-00054,2024-11-15,PLACED,NCR,Credit Card
ORD-00525,CUST-00234,2021-08-31,DELIVERED,NCR,Credit Card
ORD-00526,CUST-00113,2021-04-29,PLACED,SOUTH,Debit Card
ORD-00527,CUST-00005,2021-06-23,DELIVERED,NORTH,Credit Card
ORD-00528,CUST-00213,2023-12-18,SHIPPED,NORTH,Cash on Delivery
ORD-00529,CUST-00186,29-09-2026,RETURNED,WEST,Debit Card
ORD-00530,CUST-00384,2026-09-28,PLACED,EAST,Credit Card
ORD-00531,CUST-00297,2021-02-03,RETURNED,CENTRAL,Net Banking
ORD-00532,CUST-00089,2026-08-23,RETURNED,WEST,UPI
ORD-00533,CUST-00301,2026-02-20,SHIPPED,EAST,Cash on Delivery
ORD-00534,CUST-00404,2021-10-14,SHIPPED,WEST,Cash on Delivery
ORD-00535,CUST-00192,2021-09-14,RETURNED,NORTH,Credit Card
ORD-00536,CUST-00245,2025-09-08,RETURNED,NORTH,UPI
ORD-00537,CUST-00190,2026-10-10,RETURNED,WEST,Credit Card
ORD-00538,CUST-00099,2022-07-04,PLACED,CENTRAL,UPI
ORD-00539,CUST-00009,2024-09-19,RETURNED,SOUTH,UPI
ORD-00540,CUST-00293,2023-11-24,SHIPPED,SOUTH,Credit Card
ORD-00540,,2021-08-20,RETURNED,EAST,UPI
ORD-00542,CUST-00124,2026-12-29,SHIPPED,EAST,UPI
ORD-00543,CUST-00336,2025-07-18,PLACED,SOUTH,Net Banking
ORD-00544,CUST-00437,2026-09-10,PLACED,SOUTH,Debit Card
ORD-00545,CUST-00323,2020-02-26,CANCELLED,EAST,UPI
ORD-00546,CUST-00282,2026-08-31,DELIVERED,SOUTH,Net Banking
ORD-00547,CUST-00350,2024-05-28,SHIPPED,CENTRAL,Net Banking
ORD-00548,CUST-00141,2023-05-22,DELIVERED,SOUTH,Debit Card
ORD-00549,CUST-00127,2026-12-02,SHIPPED,NCR,Credit Card
ORD-00550,CUST-00362,2026-09-09,DELIVERED,EAST,Credit Card
ORD-00551,CUST-00099,2021-06-05,PLACED,WEST,Debit Card
ORD-00552,CUST-00014,2024-06-02,CANCELLED,CENTRAL,Debit Card
ORD-00553,CUST-00278,2023-12-22,RETURNED,NORTH,Debit Card
ORD-00554,CUST-00169,2025-03-09,RETURNED,NORTH,Credit Card
ORD-00555,CUST-00446,2026-11-20,RETURNED,SOUTH,UPI
ORD-00556,CUST-00262,2023-08-06,PLACED,EAST,Cash on Delivery
ORD-00557,CUST-00405,2026-09-29,SHIPPED,SOUTH,Debit Card
ORD-00558,CUST-00494,2021-04-30,PLACED,SOUTH,Net Banking
ORD-00559,CUST-00189,2026-11-02,SHIPPED,NCR,UPI
ORD-00560,CUST-00373,2020-07-20,SHIPPED,NCR,Debit Card
ORD-00481,,2026-08-30,PLACED,CENTRAL,Credit Card
ORD-00562,CUST-00435,19-02-2025,DELIVERED,EAST,Credit Card
ORD-00563,CUST-00307,2022-11-17,CANCELLED,CENTRAL,Debit Card
ORD-00564,CUST-00467,2023-12-21,DELIVERED,SOUTH,Cash on Delivery
ORD-00565,CUST-00159,2022-02-22,PLACED,SOUTH,Credit Card
ORD-00566,CUST-00383,2023-09-28,PLACED,SOUTH,UPI
ORD-00567,CUST-00441,2026-08-10,RETURNED,WEST,Credit Card
ORD-00568,CUST-00381,2024-06-05,RETURNED,NCR,Cash on Delivery
ORD-00569,CUST-00221,2026-05-10,CANCELLED,EAST,UPI
ORD-00570,CUST-00165,2026-05-16,SHIPPED,SOUTH,Debit Card
ORD-00571,CUST-00149,2020-02-26,CANCELLED,SOUTH,Credit Card
ORD-00572,CUST-00289,2022-01-06,DELIVERED,NORTH,Net Banking
ORD-00573,CUST-00150,2026-02-24,PLACED,NORTH,UPI
ORD-00574,CUST-00321,2026-08-18,DELIVERED,CENTRAL,Credit Card
ORD-00575,CUST-00297,2024-11-24,CANCELLED,NORTH,Debit Card
ORD-00576,CUST-00070,2020-03-17,SHIPPED,WEST,UPI
ORD-00577,CUST-00017,2024-03-27,PLACED,CENTRAL,Net Banking
ORD-00578,CUST-00325,2021-06-21,CANCELLED,NCR,Cash on Delivery
ORD-00579,CUST-00142,2026-01-30,DELIVERED,NCR,Net Banking
ORD-00580,CUST-00216,2026-02-20,SHIPPED,NORTH,Debit Card
ORD-00581,,2020-01-07,RETURNED,NORTH,UPI
ORD-00582,CUST-00048,2020-09-12,RETURNED,EAST,Credit Card
ORD-00583,CUST-00410,2025-08-26,RETURNED,EAST,Credit Card
ORD-00584,CUST-00500,2021-03-28,DELIVERED,SOUTH,Credit Card
ORD-00585,CUST-00123,2023-03-27,PLACED,NCR,Credit Card
ORD-00586,CUST-00494,2025-07-26,SHIPPED,NCR,Cash on Delivery
ORD-00587,CUST-00140,2020-02-06,RETURNED,CENTRAL,Debit Card
ORD-00588,CUST-00097,2025-04-21,SHIPPED,CENTRAL,Debit Card
ORD-00589,CUST-00248,2024-09-10,CANCELLED,EAST,Credit Card
ORD-00590,CUST-00348,2021-12-14,DELIVERED,EAST,Credit Card
ORD-00591,CUST-00353,2025-08-25,PLACED,NCR,Net Banking
ORD-00592,CUST-00255,2024-10-07,PLACED,CENTRAL,Cash on Delivery
ORD-00593,CUST-00462,2022-07-25,PLACED,EAST,Net Banking
ORD-00594,CUST-00151,2024-08-11,RETURNED,CENTRAL,Debit Card
ORD-00595,CUST-00066,06-02-2026,CANCELLED,CENTRAL,Credit Card
ORD-00596,CUST-00050,2024-01-18,PLACED,SOUTH,Cash on Delivery
ORD-00597,CUST-00355,2026-08-16,DELIVERED,SOUTH,Net Banking
ORD-00598,CUST-00111,2025-05-03,SHIPPED,WEST,UPI
ORD-00599,CUST-00414,2025-09-12,DELIVERED,NORTH,UPI
ORD-00600,CUST-00312,2024-10-05,SHIPPED,EAST,Debit Card
ORD-00600,,2022-02-16,RETURNED,NORTH,Net Banking
ORD-00602,CUST-00219,2025-02-20,RETURNED,NCR,Debit Card
ORD-00603,CUST-00074,2021-05-20,SHIPPED,NCR,Net Banking
ORD-00604,CUST-00417,2023-04-28,SHIPPED,NCR,Net Banking
ORD-00605,CUST-00185,2025-02-19,PLACED,EAST,Credit Card
ORD-00606,CUST-00247,2025-02-21,SHIPPED,NCR,Net Banking
ORD-00607,CUST-00135,2024-09-28,DELIVERED,CENTRAL,Debit Card
ORD-00608,CUST-00313,2026-06-16,SHIPPED,EAST,Credit Card
ORD-00609,CUST-00042,2025-08-18,RETURNED,EAST,Cash on Delivery
ORD-00610,CUST-00313,2025-11-28,PLACED,EAST,Cash on Delivery
ORD-00611,CUST-00348,2023-08-30,SHIPPED,CENTRAL,Debit Card
ORD-00612,CUST-00481,2023-09-16,PLACED,SOUTH,Cash on Delivery
ORD-00613,CUST-00127,2022-05-16,DELIVERED,SOUTH,Debit Card
ORD-00614,CUST-00211,2025-11-28,RETURNED,NORTH,UPI
ORD-00615,CUST-00158,2022-12-08,DELIVERED,SOUTH,Cash on Delivery
ORD-00616,CUST-00261,2021-04-02,SHIPPED,NORTH,Debit Card
ORD-00617,CUST-00271,2024-12-27,CANCELLED,WEST,UPI
ORD-00618,CUST-00242,2024-11-29,RETURNED,CENTRAL,Net Banking
ORD-00619,CUST-00096,2021-08-17,RETURNED,EAST,Credit Card
ORD-00620,CUST-00369,2023-11-05,PLACED,NCR,Credit Card
ORD-00621,,2025-11-10,DELIVERED,WEST,UPI
ORD-00622,CUST-00249,2025-07-21,CANCELLED,NORTH,UPI
ORD-00623,CUST-00294,2026-06-15,RETURNED,EAST,Credit Card
ORD-00624,CUST-00004,2021-12-23,RETURNED,NORTH,Credit Card
ORD-00625,CUST-00044,2026-03-21,CANCELLED,CENTRAL,Debit Card
ORD-00626,CUST-00055,2021-03-28,DELIVERED,NORTH,Cash on Delivery
ORD-00627,CUST-00293,2023-12-29,CANCELLED,EAST,Credit Card
ORD-00628,CUST-00407,28-01-2020,SHIPPED,SOUTH,Credit Card
ORD-00629,CUST-00197,2025-04-07,SHIPPED,CENTRAL,Cash on Delivery
ORD-00630,CUST-00441,2025-11-07,DELIVERED,SOUTH,Cash on Delivery
ORD-00630,CUST-00101,2023-01-13,DELIVERED,NCR,Net Banking
ORD-00632,CUST-00265,2025-06-28,CANCELLED,NORTH,Debit Card
ORD-00633,CUST-00015,2021-08-24,CANCELLED,EAST,Debit Card
ORD-00634,CUST-00397,2023-10-26,PLACED,CENTRAL,Cash on Delivery
ORD-00635,CUST-00001,2023-07-28,PLACED,NCR,Net Banking
ORD-00636,CUST-00100,2023-10-05,SHIPPED,NORTH,Cash on Delivery
ORD-00637,CUST-00256,2021-05-26,SHIPPED,SOUTH,UPI
ORD-00638,CUST-00421,2024-07-31,CANCELLED,SOUTH,Cash on Delivery
ORD-00639,CUST-00347,2020-03-08,SHIPPED,NCR,Debit Card
ORD-00640,CUST-00162,2020-10-11,DELIVERED,CENTRAL,Cash on Delivery
ORD-00641,,2026-09-04,DELIVERED,NCR,UPI
ORD-00642,CUST-00410,2026-09-07,PLACED,SOUTH,Debit Card
ORD-00643,CUST-00249,2023-06-17,RETURNED,NCR,Cash on Delivery
ORD-00644,CUST-00152,2023-03-24,RETURNED,CENTRAL,Credit Card
ORD-00645,CUST-00069,2023-03-08,PLACED,SOUTH,Cash on Delivery
ORD-00646,CUST-00376,2022-08-04,CANCELLED,EAST,Net Banking
ORD-00647,CUST-00367,2023-03-15,RETURNED,SOUTH,Net Banking
ORD-00648,CUST-00186,2021-03-06,SHIPPED,CENTRAL,Debit Card
ORD-00649,CUST-00091,2022-07-28,PLACED,NCR,UPI
ORD-00650,CUST-00436,2021-02-26,PLACED,SOUTH,Credit Card
ORD-00651,CUST-00184,2022-08-07,RETURNED,WEST,Cash on Delivery
ORD-00652,CUST-00390,2020-12-30,CANCELLED,EAST,Cash on Delivery
ORD-00653,CUST-00042,2020-05-28,RETURNED,EAST,UPI
ORD-00654,CUST-00204,2020-01-29,RETURNED,CENTRAL,Credit Card
ORD-00655,CUST-00144,2021-09-15,SHIPPED,SOUTH,Net Banking
ORD-00656,CUST-00303,2025-04-19,DELIVERED,WEST,Debit Card
ORD-00657,CUST-00203,2026-06-09,RETURNED,NORTH,Credit Card
ORD-00658,CUST-00154,2024-08-16,CANCELLED,WEST,UPI
ORD-00659,CUST-00410,2021-11-14,DELIVERED,NCR,Credit Card
ORD-00660,CUST-00118,2025-08-09,PLACED,SOUTH,Cash on Delivery
ORD-00660,,11-08-2026,RETURNED,EAST,UPI
ORD-00662,CUST-00398,2021-06-17,DELIVERED,NORTH,UPI
ORD-00663,CUST-00447,2022-05-20,RETURNED,EAST,Credit Card
ORD-00664,CUST-00340,2024-11-28,SHIPPED,SOUTH,UPI
ORD-00665,CUST-00205,2023-03-21,RETURNED,CENTRAL,Debit Card
ORD-00666,CUST-00206,2021-09-27,DELIVERED,SOUTH,Net Banking
ORD-00667,CUST-00095,2023-03-01,PLACED,NCR,Cash on Delivery
ORD-00668,CUST-00333,2026-01-12,RETURNED,EAST,Credit Card
ORD-00669,CUST-00386,2023-03-29,DELIVERED,EAST,Cash on Delivery
ORD-00670,CUST-00066,2024-03-30,PLACED,SOUTH,Cash on Delivery
ORD-00671,CUST-00134,2020-07-15,SHIPPED,SOUTH,Cash on Delivery
ORD-00672,CUST-00421,2024-02-08,SHIPPED,CENTRAL,Cash on Delivery
ORD-00673,CUST-00457,2025-02-16,SHIPPED,CENTRAL,Debit Card
ORD-00674,CUST-00162,2023-09-07,PLACED,CENTRAL,Net Banking
ORD-00675,CUST-00251,2025-05-05,PLACED,NCR,Credit Card
ORD-00676,CUST-00155,2025-06-02,PLACED,WEST,UPI
ORD-00677,CUST-00044,2023-10-04,PLACED,WEST,Debit Card
ORD-00678,CUST-00333,2025-04-15,DELIVERED,SOUTH,Debit Card
ORD-00679,CUST-00277,2026-07-17,PLACED,WEST,Debit Card
ORD-00680,CUST-00450,2023-07-17,RETURNED,SOUTH,UPI
ORD-00681,,2026-11-13,RETURNED,NORTH,UPI
ORD-00682,CUST-00102,2025-10-27,RETURNED,SOUTH,UPI
ORD-00683,CUST-00237,2026-05-14,SHIPPED,CENTRAL,Net Banking
ORD-00684,CUST-00154,2021-06-12,PLACED,CENTRAL,Net Banking
ORD-00685,CUST-00355,2020-12-26,PLACED,EAST,Credit Card
ORD-00686,CUST-00499,2026-08-03,CANCELLED,SOUTH,Credit Card
ORD-00687,CUST-00223,2021-09-30,SHIPPED,SOUTH,UPI
ORD-00688,CUST-00227,2026-03-28,DELIVERED,EAST,Debit Card
ORD-00689,CUST-00239,2021-01-16,CANCELLED,WEST,Credit Card
ORD-00690,CUST-00483,2025-11-30,SHIPPED,CENTRAL,UPI
ORD-00691,CUST-00384,2021-07-16,RETURNED,EAST,Cash on Delivery
ORD-00692,CUST-00412,2023-07-18,CANCELLED,WEST,Net Banking
ORD-00693,CUST-00254,2021-06-27,DELIVERED,NCR,Net Banking
ORD-00694,CUST-00408,01-06-2025,PLACED,EAST,Debit Card
ORD-00695,CUST-00451,2024-05-29,DELIVERED,CENTRAL,Debit Card
ORD-00696,CUST-00267,2023-11-28,CANCELLED,SOUTH,Cash on Delivery
ORD-00697,CUST-00016,2024-07-14,CANCELLED,CENTRAL,Cash on Delivery
ORD-00698,CUST-00226,2022-10-10,RETURNED,WEST,Debit Card
ORD-00699,CUST-00066,2021-10-22,DELIVERED,CENTRAL,UPI
ORD-00700,CUST-00297,2024-10-16,CANCELLED,NCR,Cash on Delivery
ORD-00495,,2026-11-21,SHIPPED,SOUTH,Credit Card
ORD-00702,CUST-00262,2025-07-24,RETURNED,CENTRAL,Cash on Delivery
ORD-00703,CUST-00070,2024-03-10,DELIVERED,CENTRAL,Credit Card
ORD-00704,CUST-00382,2023-07-14,DELIVERED,NORTH,Debit Card
ORD-00705,CUST-00305,2023-02-23,DELIVERED,NCR,Debit Card
ORD-00706,CUST-00431,2020-02-29,CANCELLED,WEST,Cash on Delivery
ORD-00707,CUST-00465,2026-09-09,RETURNED,NORTH,Credit Card
ORD-00708,CUST-00467,2025-07-12,CANCELLED,EAST,Credit Card
ORD-00709,CUST-00258,2020-11-24,PLACED,CENTRAL,Credit Card
ORD-00710,CUST-00048,2026-03-23,CANCELLED,NORTH,Credit Card
ORD-00711,CUST-00359,2026-12-22,SHIPPED,WEST,Net Banking
ORD-00712,CUST-00411,2026-01-15,PLACED,NCR,Cash on Delivery
ORD-00713,CUST-00415,2021-08-09,SHIPPED,NCR,UPI
ORD-00714,CUST-00115,2020-01-13,DELIVERED,NORTH,Cash on Delivery
ORD-00715,CUST-00379,2023-04-05,SHIPPED,SOUTH,Debit Card
ORD-00716,CUST-00249,2022-10-25,RETURNED,WEST,Net Banking
ORD-00717,CUST-00489,2021-09-24,PLACED,NORTH,Debit Card
ORD-00718,CUST-00072,2020-11-27,DELIVERED,NORTH,Credit Card
ORD-00719,CUST-00050,2026-03-15,PLACED,EAST,UPI
ORD-00720,CUST-00067,2026-12-02,RETURNED,EAST,Net Banking
ORD-00720,,2026-08-14,CANCELLED,CENTRAL,Credit Card
ORD-00722,CUST-00072,2023-01-13,PLACED,NORTH,Credit Card
ORD-00723,CUST-00038,2021-05-29,DELIVERED,WEST,Credit Card
ORD-00724,CUST-00269,2021-08-12,PLACED,CENTRAL,Net Banking
ORD-00725,CUST-00499,2020-12-21,PLACED,WEST,UPI
ORD-00726,CUST-00264,2021-06-06,PLACED,SOUTH,Credit Card
ORD-00727,CUST-00454,25-08-2026,DELIVERED,WEST,Net Banking
ORD-00728,CUST-00401,2023-04-30,PLACED,WEST,Debit Card
ORD-00729,CUST-00203,2022-02-06,RETURNED,NCR,UPI
ORD-00730,CUST-00419,2024-03-26,CANCELLED,CENTRAL,Net Banking
ORD-00731,CUST-00381,2026-10-08,PLACED,CENTRAL,UPI
ORD-00732,CUST-00214,2026-11-04,CANCELLED,SOUTH,UPI
ORD-00733,CUST-00241,2023-06-22,SHIPPED,SOUTH,Debit Card
ORD-00734,CUST-00165,2026-01-01,DELIVERED,EAST,Cash on Delivery
ORD-00735,CUST-00454,2022-05-22,SHIPPED,NORTH,Credit Card
ORD-00736,CUST-00163,2020-11-07,PLACED,WEST,UPI
ORD-00737,CUST-00193,2024-02-24,PLACED,CENTRAL,UPI
ORD-00738,CUST-00081,2024-08-19,PLACED,WEST,Net Banking
ORD-00739,CUST-00353,2023-06-03,RETURNED,EAST,Debit Card
ORD-00740,CUST-00292,2024-04-13,PLACED,NORTH,Debit Card
ORD-00741,,2026-08-15,CANCELLED,WEST,Net Banking
ORD-00742,CUST-00029,2021-12-09,RETURNED,SOUTH,Cash on Delivery
ORD-00743,CUST-00298,2024-12-09,RETURNED,SOUTH,UPI
ORD-00744,CUST-00424,2024-07-30,CANCELLED,CENTRAL,Credit Card
ORD-00745,CUST-00367,2020-02-02,RETURNED,EAST,UPI
ORD-00746,CUST-00171,2021-06-08,CANCELLED,NORTH,Net Banking
ORD-00747,CUST-00474,2026-06-25,PLACED,NORTH,UPI
ORD-00748,CUST-00156,2025-07-14,RETURNED,NCR,Cash on Delivery
ORD-00749,CUST-00178,2022-04-09,SHIPPED,NORTH,Credit Card
ORD-00750,CUST-00226,2024-11-21,PLACED,WEST,Credit Card
ORD-00751,CUST-00125,2023-05-22,DELIVERED,SOUTH,Debit Card
ORD-00752,CUST-00124,2025-08-03,CANCELLED,NCR,Credit Card
ORD-00753,CUST-00274,2026-06-05,CANCELLED,NCR,Net Banking
ORD-00754,CUST-00255,2025-12-29,RETURNED,EAST,Net Banking
ORD-00755,CUST-00435,2026-09-03,CANCELLED,CENTRAL,Credit Card
ORD-00756,CUST-00231,2020-07-15,RETURNED,WEST,Credit Card
ORD-00757,CUST-00431,2020-08-16,CANCELLED,CENTRAL,UPI
ORD-00758,CUST-00384,2026-01-21,RETURNED,NCR,Cash on Delivery
ORD-00759,CUST-00048,2021-08-30,DELIVERED,NORTH,Net Banking
ORD-00760,CUST-00233,22-10-2026,CANCELLED,NCR,Net Banking
ORD-00761,,2020-03-23,RETURNED,EAST,Cash on Delivery
ORD-00762,CUST-00188,2025-03-01,PLACED,NCR,Credit Card
ORD-00763,CUST-00426,2023-04-30,CANCELLED,CENTRAL,Net Banking
ORD-00764,CUST-00244,2021-01-03,SHIPPED,SOUTH,Cash on Delivery
ORD-00765,CUST-00233,2022-12-18,RETURNED,NORTH,UPI
ORD-00766,CUST-00026,2022-03-01,SHIPPED,WEST,Debit Card
ORD-00767,CUST-00335,2026-11-14,PLACED,NCR,Cash on Delivery
ORD-00768,CUST-00419,2024-07-10,SHIPPED,WEST,Credit Card
ORD-00769,CUST-00127,2026-04-26,PLACED,EAST,Cash on Delivery
ORD-00770,CUST-00110,2026-09-16,CANCELLED,NCR,Debit Card
ORD-00435,CUST-00313,2022-07-24,PLACED,EAST,Credit Card
ORD-00772,CUST-00445,2026-02-24,DELIVERED,NCR,Debit Card
ORD-00773,CUST-00066,2026-08-11,PLACED,EAST,Credit Card
ORD-00774,CUST-00349,2023-03-09,PLACED,NORTH,UPI
ORD-00775,CUST-00021,2021-02-21,CANCELLED,CENTRAL,Debit Card
ORD-00776,CUST-00466,2022-11-27,PLACED,SOUTH,UPI
ORD-00777,CUST-00241,2026-11-17,PLACED,WEST,Credit Card
ORD-00778,CUST-00440,2021-07-18,PLACED,EAST,Credit Card
ORD-00779,CUST-00269,2024-04-15,DELIVERED,WEST,Credit Card
ORD-00780,CUST-00378,2022-01-09,RETURNED,WEST,Debit Card
ORD-00780,,2021-02-14,DELIVERED,NCR,Cash on Delivery
ORD-00782,CUST-00036,2025-07-02,PLACED,EAST,Debit Card
ORD-00783,CUST-00272,2023-06-08,CANCELLED,CENTRAL,UPI
ORD-00784,CUST-00029,2026-04-04,RETURNED,CENTRAL,Net Banking
ORD-00785,CUST-00469,2021-08-18,RETURNED,NCR,Debit Card
ORD-00786,CUST-00182,2022-10-22,DELIVERED,WEST,Debit Card
ORD-00787,CUST-00477,2024-10-21,SHIPPED,WEST,Cash on Delivery
ORD-00788,CUST-00408,2026-01-10,RETURNED,WEST,Net Banking
ORD-00789,CUST-00453,2021-01-22,DELIVERED,CENTRAL,UPI
ORD-00790,CUST-00384,2020-05-28,CANCELLED,CENTRAL,UPI
ORD-00791,CUST-00419,2020-05-26,DELIVERED,EAST,Credit Card
ORD-00792,CUST-00385,2021-11-22,SHIPPED,CENTRAL,Credit Card
ORD-00793,CUST-00157,18-12-2026,PLACED,NORTH,Credit Card
ORD-00794,CUST-00283,2026-08-19,RETURNED,CENTRAL,Net Banking
ORD-00795,CUST-00471,2023-10-13,PLACED,SOUTH,Net Banking
ORD-00796,CUST-00144,2026-08-19,RETURNED,EAST,UPI
ORD-00797,CUST-00179,2025-02-16,PLACED,EAST,Net Banking
ORD-00798,CUST-00005,2025-11-18,PLACED,SOUTH,UPI
ORD-00799,CUST-00450,2020-10-21,PLACED,EAST,Net Banking
ORD-00800,CUST-00233,2023-10-31,DELIVERED,EAST,Debit Card
ORD-00801,,2026-09-04,PLACED,CENTRAL,Cash on Delivery
ORD-00802,CUST-00461,2023-07-28,DELIVERED,SOUTH,Net Banking
ORD-00803,CUST-00444,2026-01-21,PLACED,CENTRAL,UPI
ORD-00804,CUST-00019,2023-03-20,RETURNED,WEST,Net Banking
ORD-00805,CUST-00247,2024-01-10,SHIPPED,WEST,UPI
ORD-00806,CUST-00120,2025-10-09,DELIVERED,SOUTH,Cash on Delivery
ORD-00807,CUST-00199,2021-09-06,PLACED,SOUTH,Debit Card
ORD-00808,CUST-00345,2023-10-10,SHIPPED,NORTH,Net Banking
ORD-00809,CUST-00398,2024-08-01,SHIPPED,CENTRAL,Net Banking
ORD-00810,CUST-00412,2021-04-02,RETURNED,NORTH,Net Banking
ORD-00811,CUST-00465,2022-03-11,SHIPPED,CENTRAL,Credit Card
ORD-00812,CUST-00305,2025-02-25,PLACED,SOUTH,Debit Card
ORD-00813,CUST-00493,2026-10-02,DELIVERED,CENTRAL,Credit Card
ORD-00814,CUST-00158,2025-01-13,SHIPPED,NORTH,Credit Card
ORD-00815,CUST-00172,2024-06-07,RETURNED,NORTH,UPI
ORD-00816,CUST-00482,2025-04-29,CANCELLED,NCR,Net Banking
ORD-00817,CUST-00408,2022-04-23,SHIPPED,EAST,Cash on Delivery
ORD-00818,CUST-00207,2025-04-18,SHIPPED,NCR,Cash on Delivery
ORD-00819,CUST-00409,2021-02-21,DELIVERED,SOUTH,UPI
ORD-00820,CUST-00443,2023-03-25,DELIVERED,WEST,UPI
ORD-00821,,2022-11-30,SHIPPED,WEST,Debit Card
ORD-00822,CUST-00344,2025-08-20,RETURNED,WEST,UPI
ORD-00823,CUST-00478,2025-06-12,SHIPPED,SOUTH,UPI
ORD-00824,CUST-00028,2025-09-13,SHIPPED,NORTH,Credit Card
ORD-00825,CUST-00447,2020-01-20,SHIPPED,CENTRAL,Debit Card
ORD-00826,CUST-00468,08-11-2022,CANCELLED,EAST,Debit Card
ORD-00827,CUST-00459,2021-02-17,CANCELLED,EAST,Net Banking
ORD-00828,CUST-00012,2025-01-01,SHIPPED,NORTH,Debit Card
ORD-00829,CUST-00390,2026-08-14,PLACED,SOUTH,Cash on Delivery
ORD-00830,CUST-00372,2023-08-11,DELIVERED,WEST,Cash on Delivery
ORD-00831,CUST-00373,2023-07-18,RETURNED,WEST,UPI
ORD-00832,CUST-00139,2025-08-11,CANCELLED,CENTRAL,Net Banking
ORD-00833,CUST-00358,2024-09-17,PLACED,WEST,Net Banking
ORD-00834,CUST-00183,2023-04-18,RETURNED,CENTRAL,Net Banking
ORD-00835,CUST-00360,2024-04-14,CANCELLED,EAST,Credit Card
ORD-00836,CUST-00431,2026-09-01,PLACED,WEST,Cash on Delivery
ORD-00837,CUST-00233,2023-10-08,RETURNED,SOUTH,Debit Card
ORD-00838,CUST-00267,2025-07-05,CANCELLED,CENTRAL,UPI
ORD-00839,CUST-00428,2026-09-02,SHIPPED,NCR,Cash on Delivery
ORD-00840,CUST-00310,2023-02-07,SHIPPED,SOUTH,Net Banking
ORD-00840,,2024-01-07,RETURNED,WEST,Net Banking
ORD-00842,CUST-00348,2020-12-25,CANCELLED,WEST,Cash on Delivery
ORD-00843,CUST-00127,2024-09-16,DELIVERED,CENTRAL,Credit Card
ORD-00844,CUST-00395,2020-07-13,CANCELLED,EAST,UPI
ORD-00845,CUST-00471,2023-05-22,CANCELLED,NORTH,Net Banking
ORD-00846,CUST-00124,2025-02-16,RETURNED,SOUTH,Debit Card
ORD-00847,CUST-00498,2025-06-06,DELIVERED,EAST,Net Banking
ORD-00848,CUST-00241,2024-03-17,SHIPPED,EAST,UPI
ORD-00849,CUST-00373,2024-07-05,DELIVERED,EAST,Net Banking
ORD-00850,CUST-00261,2023-04-02,RETURNED,NORTH,Credit Card
ORD-00851,CUST-00458,2020-02-02,DELIVERED,NCR,Credit Card
ORD-00852,CUST-00029,2020-04-03,PLACED,NORTH,Net Banking
ORD-00853,CUST-00243,2023-01-21,DELIVERED,SOUTH,UPI
ORD-00854,CUST-00431,2020-07-19,CANCELLED,NORTH,Cash on Delivery
ORD-00855,CUST-00131,2022-08-22,DELIVERED,SOUTH,Credit Card
ORD-00856,CUST-00459,2025-04-11,RETURNED,SOUTH,Net Banking
ORD-00857,CUST-00459,2026-02-14,RETURNED,NORTH,UPI
ORD-00858,CUST-00030,2022-10-17,SHIPPED,NCR,UPI
ORD-00859,CUST-00310,31-03-2022,DELIVERED,SOUTH,Cash on Delivery
ORD-00860,CUST-00221,2023-07-23,SHIPPED,CENTRAL,Credit Card
ORD-00861,,2025-05-15,SHIPPED,NCR,UPI
ORD-00862,CUST-00209,2020-05-29,RETURNED,NORTH,Net Banking
ORD-00863,CUST-00340,2022-04-03,PLACED,WEST,Cash on Delivery
ORD-00864,CUST-00377,2020-03-06,PLACED,CENTRAL,Cash on Delivery
ORD-00865,CUST-00233,2020-09-26,DELIVERED,WEST,Credit Card
ORD-00866,CUST-00391,2021-08-04,RETURNED,WEST,Credit Card
ORD-00867,CUST-00375,2025-05-06,RETURNED,WEST,Credit Card
ORD-00868,CUST-00471,2025-02-16,CANCELLED,SOUTH,Debit Card
ORD-00869,CUST-00184,2024-04-13,RETURNED,NCR,Debit Card
ORD-00870,CUST-00252,2020-06-14,RETURNED,EAST,Net Banking
ORD-00871,CUST-00017,2024-10-15,PLACED,EAST,Cash on Delivery
ORD-00872,CUST-00181,2023-08-18,RETURNED,CENTRAL,Cash on Delivery
ORD-00873,CUST-00051,2023-06-07,CANCELLED,NCR,Cash on Delivery
ORD-00874,CUST-00067,2020-04-15,CANCELLED,NORTH,UPI
ORD-00875,CUST-00058,2025-07-22,CANCELLED,WEST,Cash on Delivery
ORD-00876,CUST-00132,2025-01-07,RETURNED,WEST,UPI
ORD-00877,CUST-00233,2026-10-01,PLACED,SOUTH,Debit Card
ORD-00878,CUST-00491,2020-09-25,DELIVERED,NORTH,Cash on Delivery
ORD-00879,CUST-00241,2025-12-08,SHIPPED,CENTRAL,UPI
ORD-00880,CUST-00218,2021-05-26,DELIVERED,WEST,Net Banking
ORD-00881,,2026-08-16,PLACED,CENTRAL,Credit Card
ORD-00882,CUST-00033,2026-09-05,CANCELLED,NORTH,UPI
ORD-00883,CUST-00167,2021-02-11,CANCELLED,NORTH,Cash on Delivery
ORD-00884,CUST-00029,2021-07-14,RETURNED,SOUTH,Credit Card
ORD-00885,CUST-00306,2024-10-27,RETURNED,EAST,UPI
ORD-00886,CUST-00348,2021-08-25,DELIVERED,NCR,Debit Card
ORD-00887,CUST-00354,2020-06-10,CANCELLED,NCR,Debit Card
ORD-00888,CUST-00497,2025-04-18,SHIPPED,EAST,Net Banking
ORD-00889,CUST-00346,2026-02-11,CANCELLED,CENTRAL,Net Banking
ORD-00890,CUST-00338,2025-01-21,DELIVERED,NORTH,Debit Card
ORD-00891,CUST-00139,2025-05-16,SHIPPED,EAST,UPI
ORD-00892,CUST-00379,25-01-2022,SHIPPED,NORTH,Debit Card
ORD-00893,CUST-00143,2025-06-05,SHIPPED,CENTRAL,Credit Card
ORD-00894,CUST-00077,2024-03-28,CANCELLED,SOUTH,Credit Card
ORD-00895,CUST-00450,2026-08-31,RETURNED,CENTRAL,UPI
ORD-00896,CUST-00079,2023-05-10,PLACED,NCR,Net Banking
ORD-00897,CUST-00354,2026-10-26,CANCELLED,CENTRAL,Credit Card
ORD-00898,CUST-00120,2024-02-28,DELIVERED,CENTRAL,Debit Card
ORD-00899,CUST-00226,2026-08-27,CANCELLED,WEST,Net Banking
ORD-00900,CUST-00361,2024-01-07,CANCELLED,SOUTH,Cash on Delivery
ORD-00900,,2026-08-20,CANCELLED,NCR,Net Banking
ORD-00902,CUST-00060,2020-03-23,SHIPPED,EAST,Credit Card
ORD-00903,CUST-00363,2025-11-04,CANCELLED,SOUTH,Debit Card
ORD-00904,CUST-00425,2021-05-22,SHIPPED,CENTRAL,Credit Card
ORD-00905,CUST-00409,2023-09-15,PLACED,NORTH,Credit Card
ORD-00906,CUST-00245,2020-04-22,PLACED,WEST,Net Banking
ORD-00907,CUST-00323,2021-07-13,PLACED,NCR,UPI
ORD-00908,CUST-00455,2026-03-12,RETURNED,NORTH,Cash on Delivery
ORD-00909,CUST-00366,2026-08-22,CANCELLED,EAST,UPI
ORD-00910,CUST-00099,2020-12-12,PLACED,NCR,UPI
ORD-00023,CUST-00138,2025-08-31,CANCELLED,EAST,Cash on Delivery
ORD-00912,CUST-00100,2024-08-13,DELIVERED,NORTH,Net Banking
ORD-00913,CUST-00096,2024-04-17,SHIPPED,CENTRAL,Debit Card
ORD-00914,CUST-00401,2025-07-16,DELIVERED,NORTH,Credit Card
ORD-00915,CUST-00038,2025-10-29,RETURNED,CENTRAL,Debit Card
ORD-00916,CUST-00300,2026-08-26,SHIPPED,NORTH,Debit Card
ORD-00917,CUST-00342,2023-11-05,SHIPPED,NORTH,Debit Card
ORD-00918,CUST-00206,2024-05-20,DELIVERED,CENTRAL,Debit Card
ORD-00919,CUST-00053,2026-02-13,DELIVERED,NORTH,UPI
ORD-00920,CUST-00153,2026-03-30,SHIPPED,NCR,UPI
ORD-00921,,2026-01-25,PLACED,EAST,Net Banking
ORD-00922,CUST-00446,2024-08-31,SHIPPED,EAST,Debit Card
ORD-00923,CUST-00105,2024-02-07,RETURNED,NCR,Net Banking
ORD-00924,CUST-00353,2022-09-16,RETURNED,EAST,Cash on Delivery
ORD-00925,CUST-00389,09-02-2020,RETURNED,CENTRAL,Cash on Delivery
ORD-00926,CUST-00289,2021-06-18,PLACED,CENTRAL,Credit Card
ORD-00927,CUST-00376,2024-01-19,SHIPPED,CENTRAL,Cash on Delivery
ORD-00928,CUST-00222,2024-10-05,PLACED,SOUTH,UPI
ORD-00929,CUST-00328,2026-09-12,CANCELLED,NORTH,Net Banking
ORD-00930,CUST-00156,2022-08-14,PLACED,CENTRAL,UPI
ORD-00931,CUST-00101,2025-05-31,CANCELLED,CENTRAL,Debit Card
ORD-00932,CUST-00020,2022-07-30,CANCELLED,CENTRAL,Credit Card
ORD-00933,CUST-00247,2023-05-12,DELIVERED,NCR,UPI
ORD-00934,CUST-00490,2026-09-03,DELIVERED,SOUTH,UPI
ORD-00935,CUST-00078,2022-11-21,PLACED,WEST,Cash on Delivery
ORD-00936,CUST-00192,2023-01-16,RETURNED,NORTH,Net Banking
ORD-00937,CUST-00029,2024-06-09,CANCELLED,NCR,Cash on Delivery
ORD-00938,CUST-00031,2026-02-26,DELIVERED,SOUTH,Debit Card
ORD-00939,CUST-00078,2025-02-05,RETURNED,WEST,Cash on Delivery
ORD-00940,CUST-00482,2021-08-30,RETURNED,SOUTH,Credit Card
ORD-00941,,2026-09-03,RETURNED,NCR,Debit Card
ORD-00942,CUST-00421,2026-09-27,CANCELLED,SOUTH,Net Banking
ORD-00943,CUST-00423,2026-09-26,SHIPPED,SOUTH,UPI
ORD-00944,CUST-00470,2020-04-23,DELIVERED,WEST,Cash on Delivery
ORD-00945,CUST-00416,2020-10-26,SHIPPED,WEST,UPI
ORD-00946,CUST-00340,2026-06-18,CANCELLED,NCR,Credit Card
ORD-00947,CUST-00472,2026-02-21,CANCELLED,CENTRAL,Debit Card
ORD-00948,CUST-00309,2021-05-06,DELIVERED,WEST,Credit Card
ORD-00949,CUST-00077,2025-09-30,DELIVERED,NORTH,Cash on Delivery
ORD-00950,CUST-00297,2021-12-24,CANCELLED,SOUTH,Credit Card
ORD-00951,CUST-00379,2025-10-12,RETURNED,NCR,Credit Card
ORD-00952,CUST-00358,2020-04-09,SHIPPED,EAST,Credit Card
ORD-00953,CUST-00109,2021-07-12,PLACED,SOUTH,UPI
ORD-00954,CUST-00406,2023-02-20,RETURNED,CENTRAL,Net Banking
ORD-00955,CUST-00428,2021-04-14,SHIPPED,NORTH,UPI
ORD-00956,CUST-00220,2020-07-31,SHIPPED,CENTRAL,Net Banking
ORD-00957,CUST-00363,2023-12-18,DELIVERED,NORTH,Net Banking
ORD-00958,CUST-00307,30-08-2026,CANCELLED,NCR,Net Banking
ORD-00959,CUST-00064,2023-07-28,SHIPPED,EAST,Debit Card
ORD-00960,CUST-00227,2022-12-14,SHIPPED,NORTH,UPI
ORD-00960,,2026-08-14,CANCELLED,NCR,Debit Card
ORD-00962,CUST-00153,2025-06-20,RETURNED,SOUTH,Debit Card
ORD-00963,CUST-00352,2026-09-13,DELIVERED,EAST,Debit Card
ORD-00964,CUST-00399,2026-09-09,SHIPPED,EAST,Debit Card
ORD-00965,CUST-00414,2022-12-18,DELIVERED,NCR,Net Banking
ORD-00966,CUST-00424,2021-02-13,SHIPPED,WEST,UPI
ORD-00967,CUST-00200,2023-10-19,RETURNED,NORTH,Cash on Delivery
ORD-00968,CUST-00076,2026-08-11,SHIPPED,SOUTH,Credit Card
ORD-00969,CUST-00135,2024-11-12,SHIPPED,SOUTH,UPI
ORD-00970,CUST-00405,2024-01-21,PLACED,WEST,Credit Card
ORD-00971,CUST-00157,2025-03-05,DELIVERED,WEST,UPI
ORD-00972,CUST-00219,2020-03-20,CANCELLED,EAST,Cash on Delivery
ORD-00973,CUST-00061,2024-01-27,RETURNED,WEST,Credit Card
ORD-00974,CUST-00318,2022-03-16,PLACED,WEST,Debit Card
ORD-00975,CUST-00458,2022-10-15,DELIVERED,NORTH,Net Banking
ORD-00976,CUST-00163,2024-03-09,DELIVERED,CENTRAL,Cash on Delivery
ORD-00977,CUST-00290,2026-08-02,PLACED,EAST,Cash on Delivery
ORD-00978,CUST-00177,2022-12-19,SHIPPED,WEST,Net Banking
ORD-00979,CUST-00164,2024-11-15,PLACED,NORTH,Credit Card
ORD-00980,CUST-00472,2023-03-12,DELIVERED,EAST,UPI
ORD-00576,,2021-09-09,RETURNED,NORTH,Cash on Delivery
ORD-00982,CUST-00344,2023-11-29,PLACED,SOUTH,Cash on Delivery
ORD-00983,CUST-00085,2025-07-26,SHIPPED,NCR,Net Banking
ORD-00984,CUST-00116,2021-12-18,SHIPPED,WEST,UPI
ORD-00985,CUST-00421,2026-01-16,RETURNED,NCR,UPI
ORD-00986,CUST-00203,2022-11-14,DELIVERED,NCR,UPI
ORD-00987,CUST-00321,2023-09-09,SHIPPED,NORTH,Debit Card
ORD-00988,CUST-00372,2024-09-05,DELIVERED,WEST,Net Banking
ORD-00989,CUST-00261,2022-09-16,RETURNED,NORTH,Debit Card
ORD-00990,CUST-00066,2021-07-07,SHIPPED,SOUTH,Debit Card
ORD-00991,CUST-00189,19-10-2024,RETURNED,WEST,Cash on Delivery
ORD-00992,CUST-00462,2021-01-31,DELIVERED,SOUTH,Debit Card
ORD-00993,CUST-00454,2021-03-31,RETURNED,WEST,Cash on Delivery
ORD-00994,CUST-00167,2022-03-31,RETURNED,WEST,UPI
ORD-00995,CUST-00114,2021-06-24,DELIVERED,EAST,Net Banking
ORD-00996,CUST-00046,2024-02-05,CANCELLED,SOUTH,Credit Card
ORD-00997,CUST-00117,2021-01-10,SHIPPED,CENTRAL,Net Banking
ORD-00998,CUST-00139,2020-04-28,SHIPPED,SOUTH,Net Banking
ORD-00999,CUST-00473,2020-12-16,PLACED,EAST,Cash on Delivery
ORD-01000,CUST-00325,2023-04-06,SHIPPED,CENTRAL,Credit Card
ORD-01001,,2025-01-17,SHIPPED,WEST,Net Banking
ORD-01002,CUST-00427,2022-10-25,DELIVERED,NCR,Net Banking
ORD-01003,CUST-00299,2021-01-16,PLACED,CENTRAL,UPI
ORD-01004,CUST-00244,2026-08-26,CANCELLED,EAST,Debit Card
ORD-01005,CUST-00329,2022-01-12,PLACED,NORTH,Debit Card
ORD-01006,CUST-00494,2025-05-13,SHIPPED,NORTH,Debit Card
ORD-01007,CUST-00055,2021-07-03,SHIPPED,NCR,Debit Card
ORD-01008,CUST-00071,2026-09-14,DELIVERED,CENTRAL,Credit Card
ORD-01009,CUST-00126,2021-09-13,PLACED,CENTRAL,Debit Card
ORD-01010,CUST-00342,2025-09-25,RETURNED,NCR,Credit Card
ORD-01011,CUST-00203,2025-07-07,SHIPPED,CENTRAL,Net Banking
ORD-01012,CUST-00448,2026-12-30,RETURNED,EAST,UPI
ORD-01013,CUST-00039,2026-09-28,PLACED,NORTH,Net Banking
ORD-01014,CUST-00454,2021-09-21,RETURNED,WEST,Credit Card
ORD-01015,CUST-00135,2021-08-24,RETURNED,NORTH,Debit Card
ORD-01016,CUST-00441,2024-10-20,CANCELLED,SOUTH,Credit Card
ORD-01017,CUST-00007,2020-03-10,DELIVERED,CENTRAL,Cash on Delivery
ORD-01018,CUST-00434,2023-02-24,SHIPPED,SOUTH,Debit Card
ORD-01019,CUST-00112,2022-07-27,CANCELLED,EAST,Net Banking
ORD-01020,CUST-00499,2023-02-23,PLACED,NORTH,Credit Card
ORD-01020,,2023-12-23,SHIPPED,CENTRAL,Debit Card
ORD-01022,CUST-00228,2020-05-20,PLACED,NORTH,Credit Card
ORD-01023,CUST-00333,2024-02-08,DELIVERED,WEST,Debit Card
ORD-01024,CUST-00100,18-09-2024,SHIPPED,SOUTH,Net Banking
ORD-01025,CUST-00433,2026-04-01,PLACED,NCR,Debit Card
ORD-01026,CUST-00403,2024-10-26,SHIPPED,EAST,Net Banking
ORD-01027,CUST-00168,2025-07-11,SHIPPED,NCR,UPI
ORD-01028,CUST-00024,2026-03-22,CANCELLED,CENTRAL,Cash on Delivery
ORD-01029,CUST-00073,2022-09-29,RETURNED,EAST,UPI
ORD-01030,CUST-00403,2024-11-16,SHIPPED,NCR,Credit Card
ORD-01031,CUST-00385,2025-12-30,RETURNED,SOUTH,Net Banking
ORD-01032,CUST-00062,2023-07-01,PLACED,CENTRAL,Debit Card
ORD-01033,CUST-00124,2021-03-19,DELIVERED,WEST,Net Banking
ORD-01034,CUST-00156,2026-05-04,CANCELLED,CENTRAL,UPI
ORD-01035,CUST-00274,2023-04-20,SHIPPED,NORTH,UPI
ORD-01036,CUST-00058,2023-03-20,SHIPPED,EAST,Credit Card
ORD-01037,CUST-00463,2024-02-06,RETURNED,SOUTH,Net Banking
ORD-01038,CUST-00074,2021-08-07,DELIVERED,CENTRAL,Cash on Delivery
ORD-01039,CUST-00279,2022-04-27,DELIVERED,NORTH,Credit Card
ORD-01040,CUST-00396,2024-01-20,CANCELLED,WEST,Net Banking
ORD-01041,,2026-09-02,PLACED,NORTH,Cash on Delivery
ORD-01042,CUST-00340,2024-04-05,CANCELLED,EAST,Debit Card
ORD-01043,CUST-00290,2021-10-18,DELIVERED,NORTH,Net Banking
ORD-01044,CUST-00149,2023-10-25,DELIVERED,NORTH,Net Banking
ORD-01045,CUST-00238,2024-09-03,SHIPPED,WEST,Credit Card
ORD-01046,CUST-00331,2026-05-16,CANCELLED,NCR,UPI
ORD-01047,CUST-00497,2020-11-09,RETURNED,NCR,UPI
ORD-01048,CUST-00023,2022-06-26,SHIPPED,EAST,Net Banking
ORD-01049,CUST-00407,2021-09-16,SHIPPED,SOUTH,Cash on Delivery
ORD-01050,CUST-00178,2022-01-14,RETURNED,SOUTH,UPI
ORD-00183,CUST-00294,2020-09-27,SHIPPED,NCR,UPI
ORD-01052,CUST-00175,2022-07-05,RETURNED,WEST,Credit Card
ORD-01053,CUST-00409,2023-09-24,DELIVERED,WEST,UPI
ORD-01054,CUST-00183,2021-11-20,PLACED,NCR,Cash on Delivery
ORD-01055,CUST-00442,2023-07-24,RETURNED,NORTH,UPI
ORD-01056,CUST-00326,2020-01-04,RETURNED,NORTH,Cash on Delivery
ORD-01057,CUST-00369,10-04-2024,DELIVERED,WEST,Net Banking
ORD-01058,CUST-00446,2023-03-27,CANCELLED,NCR,Cash on Delivery
ORD-01059,CUST-00316,2022-06-23,PLACED,NORTH,UPI
ORD-01060,CUST-00225,2024-03-11,CANCELLED,SOUTH,Cash on Delivery
ORD-01061,,2025-06-20,PLACED,NCR,Cash on Delivery
ORD-01062,CUST-00219,2022-07-05,SHIPPED,CENTRAL,Cash on Delivery
ORD-01063,CUST-00464,2024-05-07,SHIPPED,CENTRAL,Credit Card
ORD-01064,CUST-00435,2020-06-16,CANCELLED,SOUTH,Credit Card
ORD-01065,CUST-00492,2025-09-01,RETURNED,WEST,Debit Card
ORD-01066,CUST-00427,2024-05-20,RETURNED,SOUTH,Credit Card
ORD-01067,CUST-00234,2023-12-04,PLACED,WEST,Cash on Delivery
ORD-01068,CUST-00218,2025-05-01,SHIPPED,NCR,Net Banking
ORD-01069,CUST-00293,2026-12-16,PLACED,WEST,Credit Card
ORD-01070,CUST-00436,2020-01-29,RETURNED,CENTRAL,UPI
ORD-01071,CUST-00189,2025-04-16,RETURNED,NORTH,Debit Card
ORD-01072,CUST-00098,2025-11-18,RETURNED,NCR,UPI
ORD-01073,CUST-00433,2022-06-24,PLACED,WEST,Debit Card
ORD-01074,CUST-00344,2022-07-18,RETURNED,NORTH,UPI
ORD-01075,CUST-00105,2026-03-28,CANCELLED,NORTH,Debit Card
ORD-01076,CUST-00240,2024-12-02,SHIPPED,WEST,UPI
ORD-01077,CUST-00207,2026-02-15,SHIPPED,WEST,UPI
ORD-01078,CUST-00368,2020-07-27,DELIVERED,EAST,UPI
ORD-01079,CUST-00239,2023-09-27,DELIVERED,SOUTH,Net Banking
ORD-01080,CUST-00399,2023-08-24,PLACED,NCR,Cash on Delivery
ORD-01080,,2025-05-15,DELIVERED,WEST,Cash on Delivery
ORD-01082,CUST-00163,2023-01-09,DELIVERED,CENTRAL,Cash on Delivery
ORD-01083,CUST-00482,2021-06-04,PLACED,CENTRAL,Debit Card
ORD-01084,CUST-00176,2026-01-07,SHIPPED,CENTRAL,Credit Card
ORD-01085,CUST-00010,2022-03-11,RETURNED,NCR,UPI
ORD-01086,CUST-00395,2026-03-25,DELIVERED,EAST,UPI
ORD-01087,CUST-00447,2026-09-18,SHIPPED,CENTRAL,Credit Card
ORD-01088,CUST-00229,2021-01-06,PLACED,NCR,Cash on Delivery
ORD-01089,CUST-00060,2024-04-08,DELIVERED,WEST,Credit Card
ORD-01090,CUST-00189,02-02-2022,SHIPPED,CENTRAL,Cash on Delivery
ORD-01091,CUST-00354,2026-08-13,DELIVERED,NCR,UPI
ORD-01092,CUST-00492,2024-12-28,CANCELLED,SOUTH,Net Banking
ORD-01093,CUST-00296,2020-09-12,PLACED,CENTRAL,Credit Card
ORD-01094,CUST-00181,2021-08-05,RETURNED,SOUTH,Credit Card
ORD-01095,CUST-00289,2020-06-02,RETURNED,SOUTH,Debit Card
ORD-01096,CUST-00093,2020-10-10,SHIPPED,NCR,Credit Card
ORD-01097,CUST-00100,2024-10-12,CANCELLED,WEST,UPI
ORD-01098,CUST-00122,2020-03-19,RETURNED,NORTH,UPI
ORD-01099,CUST-00020,2020-11-17,DELIVERED,EAST,Cash on Delivery
ORD-01100,CUST-00095,2026-02-04,RETURNED,EAST,Cash on Delivery
ORD-01101,,2025-04-21,RETURNED,CENTRAL,Cash on Delivery
ORD-01102,CUST-00165,2025-12-02,RETURNED,WEST,Credit Card
ORD-01103,CUST-00427,2024-03-22,PLACED,NCR,Net Banking
ORD-01104,CUST-00129,2020-05-21,RETURNED,EAST,Credit Card
ORD-01105,CUST-00177,2020-09-13,RETURNED,CENTRAL,Credit Card
ORD-01106,CUST-00314,2024-04-16,DELIVERED,SOUTH,Cash on Delivery
ORD-01107,CUST-00002,2025-12-16,RETURNED,CENTRAL,Cash on Delivery
ORD-01108,CUST-00019,2021-07-28,DELIVERED,WEST,UPI
ORD-01109,CUST-00373,2025-11-02,PLACED,CENTRAL,Credit Card
ORD-01110,CUST-00351,2022-09-11,SHIPPED,EAST,Debit Card
ORD-01111,CUST-00329,2026-07-28,RETURNED,NORTH,UPI
ORD-01112,CUST-00180,2026-04-02,CANCELLED,NCR,UPI
ORD-01113,CUST-00182,2022-09-14,PLACED,NORTH,Cash on Delivery
ORD-01114,CUST-00275,2024-04-07,SHIPPED,SOUTH,Credit Card
ORD-01115,CUST-00039,2023-01-03,SHIPPED,CENTRAL,Debit Card
ORD-01116,CUST-00063,2021-03-28,PLACED,WEST,Debit Card
ORD-01117,CUST-00422,2024-04-09,DELIVERED,CENTRAL,UPI
ORD-01118,CUST-00302,2022-01-28,CANCELLED,SOUTH,UPI
ORD-01119,CUST-00125,2023-05-10,CANCELLED,NORTH,UPI
ORD-01120,CUST-00083,2025-03-10,DELIVERED,NORTH,UPI
ORD-00319,,2026-08-30,CANCELLED,EAST,UPI
ORD-01122,CUST-00016,2026-08-29,PLACED,CENTRAL,Net Banking
ORD-01123,CUST-00188,03-04-2025,DELIVERED,NORTH,Debit Card
ORD-01124,CUST-00334,2025-11-09,PLACED,NORTH,Debit Card
ORD-01125,CUST-00040,2023-01-13,RETURNED,CENTRAL,Debit Card
ORD-01126,CUST-00149,2026-04-06,PLACED,NCR,Cash on Delivery
ORD-01127,CUST-00045,2022-06-21,RETURNED,CENTRAL,Credit Card
ORD-01128,CUST-00419,2022-04-01,PLACED,NCR,Net Banking
ORD-01129,CUST-00361,2024-12-29,PLACED,NCR,Debit Card
ORD-01130,CUST-00112,2026-09-28,RETURNED,NORTH,Debit Card
ORD-01131,CUST-00367,2021-05-01,RETURNED,WEST,Credit Card
ORD-01132,CUST-00092,2025-04-12,RETURNED,CENTRAL,Credit Card
ORD-01133,CUST-00019,2024-06-23,SHIPPED,WEST,UPI
ORD-01134,CUST-00073,2021-07-24,CANCELLED,NCR,Credit Card
ORD-01135,CUST-00334,2026-04-19,SHIPPED,NORTH,Cash on Delivery
ORD-01136,CUST-00242,2023-09-08,PLACED,EAST,UPI
ORD-01137,CUST-00461,2023-03-19,CANCELLED,NCR,Debit Card
ORD-01138,CUST-00121,2025-04-18,PLACED,NCR,Cash on Delivery
ORD-01139,CUST-00018,2021-10-21,PLACED,WEST,Cash on Delivery
ORD-01140,CUST-00431,2026-09-07,RETURNED,WEST,Debit Card
ORD-01140,,2020-02-12,SHIPPED,CENTRAL,UPI
ORD-01142,CUST-00067,2021-01-30,RETURNED,EAST,Net Banking
ORD-01143,CUST-00021,2023-05-01,CANCELLED,EAST,Credit Card
ORD-01144,CUST-00482,2023-12-30,DELIVERED,WEST,Cash on Delivery
ORD-01145,CUST-00443,2025-08-27,CANCELLED,SOUTH,Credit Card
ORD-01146,CUST-00125,2023-03-01,PLACED,NORTH,Cash on Delivery
ORD-01147,CUST-00082,2023-01-30,DELIVERED,SOUTH,Debit Card
ORD-01148,CUST-00434,2026-11-03,CANCELLED,WEST,UPI
ORD-01149,CUST-00254,2023-08-07,CANCELLED,WEST,Credit Card
ORD-01150,CUST-00365,2023-08-05,PLACED,SOUTH,UPI
ORD-01151,CUST-00455,2024-05-19,PLACED,SOUTH,UPI
ORD-01152,CUST-00091,2023-10-05,DELIVERED,EAST,Credit Card
ORD-01153,CUST-00362,2026-09-04,CANCELLED,NORTH,UPI
ORD-01154,CUST-00391,2020-07-08,PLACED,WEST,UPI
ORD-01155,CUST-00119,2026-10-29,RETURNED,NCR,Cash on Delivery
ORD-01156,CUST-00052,20-08-2022,PLACED,SOUTH,UPI
ORD-01157,CUST-00348,2021-07-29,RETURNED,SOUTH,UPI
ORD-01158,CUST-00026,2023-02-17,CANCELLED,SOUTH,UPI
ORD-01159,CUST-00096,2025-08-19,SHIPPED,CENTRAL,Net Banking
ORD-01160,CUST-00479,2021-01-16,RETURNED,SOUTH,UPI
ORD-01161,,2020-09-14,RETURNED,WEST,UPI
ORD-01162,CUST-00034,2020-10-09,PLACED,SOUTH,Debit Card
ORD-01163,CUST-00154,2025-10-06,CANCELLED,NCR,Credit Card
ORD-01164,CUST-00180,2023-02-08,CANCELLED,EAST,UPI
ORD-01165,CUST-00045,2024-06-23,DELIVERED,WEST,Net Banking
ORD-01166,CUST-00040,2021-07-22,CANCELLED,NCR,Cash on Delivery
ORD-01167,CUST-00254,2020-02-13,PLACED,CENTRAL,Net Banking
ORD-01168,CUST-00430,2022-03-03,SHIPPED,NORTH,UPI
ORD-01169,CUST-00400,2024-07-05,SHIPPED,WEST,Net Banking
ORD-01170,CUST-00367,2026-07-25,SHIPPED,NORTH,Debit Card
ORD-01171,CUST-00145,2021-02-01,RETURNED,NORTH,Net Banking
ORD-01172,CUST-00220,2021-08-03,RETURNED,SOUTH,Cash on Delivery
ORD-01173,CUST-00393,2021-02-24,RETURNED,NCR,Cash on Delivery
ORD-01174,CUST-00301,2021-05-28,PLACED,WEST,Credit Card
ORD-01175,CUST-00314,2020-10-09,PLACED,SOUTH,UPI
ORD-01176,CUST-00286,2021-05-02,SHIPPED,NORTH,Credit Card
ORD-01177,CUST-00477,2024-06-16,DELIVERED,WEST,Net Banking
ORD-01178,CUST-00270,2024-02-04,SHIPPED,NCR,Cash on Delivery
ORD-01179,CUST-00097,2024-02-09,SHIPPED,WEST,Net Banking
ORD-01180,CUST-00258,2020-12-01,SHIPPED,SOUTH,UPI
ORD-01181,,2020-03-15,DELIVERED,EAST,UPI
ORD-01182,CUST-00143,2025-05-29,CANCELLED,NORTH,UPI
ORD-01183,CUST-00028,2021-04-21,RETURNED,EAST,Debit Card
ORD-01184,CUST-00485,2021-12-30,CANCELLED,NORTH,Cash on Delivery
ORD-01185,CUST-00218,2025-02-01,PLACED,SOUTH,UPI
ORD-01186,CUST-00216,2021-06-21,PLACED,SOUTH,Credit Card
ORD-01187,CUST-00132,2025-05-04,RETURNED,SOUTH,Net Banking
ORD-01188,CUST-00449,2026-08-18,CANCELLED,EAST,Debit Card
ORD-01189,CUST-00248,13-09-2026,RETURNED,NCR,UPI
ORD-01190,CUST-00348,2025-03-18,RETURNED,CENTRAL,Net Banking
ORD-00753,CUST-00344,2021-11-17,RETURNED,NCR,Debit Card
ORD-01192,CUST-00292,2026-07-28,SHIPPED,SOUTH,Debit Card
ORD-01193,CUST-00317,2022-01-13,SHIPPED,NORTH,Credit Card
ORD-01194,CUST-00033,2020-04-22,DELIVERED,CENTRAL,UPI
ORD-01195,CUST-00500,2021-06-25,CANCELLED,EAST,Cash on Delivery
ORD-01196,CUST-00069,2025-04-03,RETURNED,NORTH,Cash on Delivery
ORD-01197,CUST-00463,2022-08-24,DELIVERED,NCR,Credit Card
ORD-01198,CUST-00170,2020-06-27,SHIPPED,EAST,Debit Card
ORD-01199,CUST-00465,2023-01-06,CANCELLED,EAST,Cash on Delivery
ORD-01200,CUST-00104,2022-03-19,PLACED,CENTRAL,Net Banking
ORD-01200,,2026-08-26,RETURNED,SOUTH,Credit Card
ORD-01202,CUST-00185,2025-07-21,PLACED,NCR,Credit Card
ORD-01203,CUST-00091,2020-01-13,SHIPPED,NORTH,UPI
ORD-01204,CUST-00112,2022-03-13,DELIVERED,NORTH,UPI
ORD-01205,CUST-00032,2022-03-10,SHIPPED,CENTRAL,UPI
ORD-01206,CUST-00470,2020-11-13,RETURNED,WEST,UPI
ORD-01207,CUST-00477,2020-11-19,DELIVERED,CENTRAL,Net Banking
ORD-01208,CUST-00365,2025-04-19,DELIVERED,WEST,Debit Card
ORD-01209,CUST-00028,2024-11-27,PLACED,CENTRAL,UPI
ORD-01210,CUST-00278,2022-02-06,RETURNED,NORTH,Debit Card
ORD-01211,CUST-00075,2023-01-06,CANCELLED,CENTRAL,Net Banking
ORD-01212,CUST-00015,2021-03-20,RETURNED,CENTRAL,Cash on Delivery
ORD-01213,CUST-00334,2024-07-29,PLACED,EAST,Net Banking
ORD-01214,CUST-00297,2026-11-11,CANCELLED,CENTRAL,Cash on Delivery
ORD-01215,CUST-00152,2021-05-15,DELIVERED,EAST,UPI
ORD-01216,CUST-00201,2026-09-28,RETURNED,SOUTH,UPI
ORD-01217,CUST-00214,2024-02-06,CANCELLED,NORTH,Debit Card
ORD-01218,CUST-00062,2020-05-14,RETURNED,SOUTH,Net Banking
ORD-01219,CUST-00003,2021-01-13,SHIPPED,EAST,Cash on Delivery
ORD-01220,CUST-00334,2021-09-11,DELIVERED,SOUTH,UPI
ORD-01221,,2026-06-27,PLACED,WEST,Debit Card
ORD-01222,CUST-00036,28-05-2026,RETURNED,EAST,UPI
ORD-01223,CUST-00411,2025-11-11,SHIPPED,NORTH,Debit Card
ORD-01224,CUST-00447,2025-04-30,SHIPPED,NCR,Cash on Delivery
ORD-01225,CUST-00336,2026-07-03,PLACED,CENTRAL,UPI
ORD-01226,CUST-00485,2020-11-23,CANCELLED,NORTH,UPI
ORD-01227,CUST-00398,2021-10-19,CANCELLED,EAST,Net Banking
ORD-01228,CUST-00102,2024-06-12,CANCELLED,CENTRAL,Cash on Delivery
ORD-01229,CUST-00165,2020-03-16,SHIPPED,EAST,UPI
ORD-01230,CUST-00140,2023-02-22,SHIPPED,WEST,Debit Card
ORD-01231,CUST-00449,2022-01-12,CANCELLED,NCR,Credit Card
ORD-01232,CUST-00270,2023-12-03,SHIPPED,NCR,Credit Card
ORD-01233,CUST-00333,2022-12-19,CANCELLED,NORTH,Debit Card
ORD-01234,CUST-00290,2025-11-15,RETURNED,SOUTH,Net Banking
ORD-01235,CUST-00459,2024-03-12,PLACED,WEST,Net Banking
ORD-01236,CUST-00451,2022-07-23,DELIVERED,SOUTH,Credit Card
ORD-01237,CUST-00117,2026-09-29,SHIPPED,WEST,Credit Card
ORD-01238,CUST-00258,2026-11-09,DELIVERED,NORTH,Debit Card
ORD-01239,CUST-00334,2024-05-10,SHIPPED,SOUTH,Net Banking
ORD-01240,CUST-00376,2023-05-13,RETURNED,CENTRAL,Cash on Delivery
ORD-01241,,2023-02-25,DELIVERED,NORTH,Net Banking
ORD-01242,CUST-00014,2026-08-06,PLACED,NCR,Net Banking
ORD-01243,CUST-00279,2023-08-11,CANCELLED,WEST,Credit Card
ORD-01244,CUST-00231,2021-10-18,RETURNED,WEST,Net Banking
ORD-01245,CUST-00494,2023-01-14,PLACED,EAST,Net Banking
ORD-01246,CUST-00196,2026-08-22,SHIPPED,SOUTH,Cash on Delivery
ORD-01247,CUST-00152,2021-09-14,SHIPPED,CENTRAL,Net Banking
ORD-01248,CUST-00343,2021-04-22,PLACED,CENTRAL,UPI
ORD-01249,CUST-00025,2025-06-08,CANCELLED,EAST,UPI
ORD-01250,CUST-00388,2022-04-01,CANCELLED,NORTH,UPI
ORD-01251,CUST-00487,2026-10-13,SHIPPED,NORTH,Cash on Delivery
ORD-01252,CUST-00303,2025-12-30,SHIPPED,EAST,UPI
ORD-01253,CUST-00329,2024-10-19,SHIPPED,CENTRAL,Cash on Delivery
ORD-01254,CUST-00451,2026-08-18,RETURNED,CENTRAL,Cash on Delivery
ORD-01255,CUST-00457,08-05-2025,PLACED,EAST,Cash on Delivery
ORD-01256,CUST-00164,2022-04-26,DELIVERED,NCR,Cash on Delivery
ORD-01257,CUST-00457,2025-02-25,PLACED,NCR,Net Banking
ORD-01258,CUST-00005,2021-05-25,PLACED,EAST,Credit Card
ORD-01259,CUST-00006,2023-08-14,CANCELLED,NCR,Debit Card
ORD-01260,CUST-00054,2023-07-05,RETURNED,CENTRAL,Net Banking
ORD-01260,,2021-04-23,SHIPPED,SOUTH,Cash on Delivery
ORD-01262,CUST-00325,2021-08-25,CANCELLED,WEST,Debit Card
ORD-01263,CUST-00214,2023-07-09,PLACED,SOUTH,UPI
ORD-01264,CUST-00038,2025-09-27,PLACED,NCR,Cash on Delivery
ORD-01265,CUST-00106,2020-11-02,DELIVERED,SOUTH,Debit Card
ORD-01266,CUST-00213,2024-12-21,PLACED,CENTRAL,UPI
ORD-01267,CUST-00024,2021-06-29,PLACED,EAST,Net Banking
ORD-01268,CUST-00211,2025-04-19,RETURNED,SOUTH,Debit Card
ORD-01269,CUST-00093,2020-10-11,SHIPPED,NORTH,UPI
ORD-01270,CUST-00407,2024-04-21,PLACED,NCR,Credit Card
ORD-01271,CUST-00157,2021-02-12,PLACED,EAST,Cash on Delivery
ORD-01272,CUST-00083,2024-07-29,PLACED,SOUTH,UPI
ORD-01273,CUST-00079,2022-05-11,CANCELLED,NCR,Cash on Delivery
ORD-01274,CUST-00278,2025-11-28,SHIPPED,NCR,Cash on Delivery
ORD-01275,CUST-00440,2025-08-16,SHIPPED,CENTRAL,UPI
ORD-01276,CUST-00081,2021-03-05,SHIPPED,SOUTH,Cash on Delivery
ORD-01277,CUST-00194,2022-05-12,RETURNED,WEST,Credit Card
ORD-01278,CUST-00181,2020-01-27,DELIVERED,SOUTH,Credit Card
ORD-01279,CUST-00004,2021-05-03,CANCELLED,NORTH,UPI
ORD-01280,CUST-00092,2024-08-30,SHIPPED,WEST,Cash on Delivery
ORD-01281,,2026-09-09,CANCELLED,CENTRAL,UPI
ORD-01282,CUST-00169,2026-08-29,PLACED,NCR,Credit Card
ORD-01283,CUST-00066,2023-01-30,DELIVERED,NORTH,Net Banking
ORD-01284,CUST-00489,2020-06-22,SHIPPED,SOUTH,Cash on Delivery
ORD-01285,CUST-00385,2025-01-19,PLACED,NORTH,UPI
ORD-01286,CUST-00483,2021-01-07,PLACED,NORTH,Debit Card
ORD-01287,CUST-00333,2020-02-29,CANCELLED,WEST,Credit Card
ORD-01288,CUST-00498,19-09-2021,SHIPPED,EAST,Credit Card
ORD-01289,CUST-00160,2021-02-19,SHIPPED,NORTH,Net Banking
ORD-01290,CUST-00241,2025-10-15,PLACED,SOUTH,UPI
ORD-01291,CUST-00166,2021-08-24,RETURNED,CENTRAL,Credit Card
ORD-01292,CUST-00458,2020-12-25,CANCELLED,EAST,Debit Card
ORD-01293,CUST-00478,2021-03-10,SHIPPED,NORTH,Debit Card
ORD-01294,CUST-00426,2020-06-24,CANCELLED,SOUTH,UPI
ORD-01295,CUST-00206,2020-02-21,RETURNED,SOUTH,Debit Card
ORD-01296,CUST-00017,2022-11-06,PLACED,SOUTH,Credit Card
ORD-01297,CUST-00110,2023-02-06,RETURNED,SOUTH,UPI
ORD-01298,CUST-00175,2026-09-13,DELIVERED,NORTH,Debit Card
ORD-01299,CUST-00242,2026-08-13,PLACED,NCR,Net Banking
ORD-01300,CUST-00219,2023-06-16,DELIVERED,NCR,Net Banking
ORD-01301,,2024-03-11,CANCELLED,CENTRAL,Debit Card
ORD-01302,CUST-00175,2020-06-30,PLACED,SOUTH,Cash on Delivery
ORD-01303,CUST-00124,2022-05-29,CANCELLED,EAST,Cash on Delivery
ORD-01304,CUST-00336,2024-11-04,DELIVERED,NORTH,Credit Card
ORD-01305,CUST-00156,2024-02-13,PLACED,EAST,UPI
ORD-01306,CUST-00174,2021-12-10,DELIVERED,NORTH,UPI
ORD-01307,CUST-00247,2020-05-15,DELIVERED,SOUTH,Net Banking
ORD-01308,CUST-00326,2024-06-04,SHIPPED,EAST,Net Banking
ORD-01309,CUST-00058,2023-01-16,RETURNED,EAST,Cash on Delivery
ORD-01310,CUST-00391,2022-08-19,CANCELLED,NORTH,Net Banking
ORD-01311,CUST-00393,2020-05-27,SHIPPED,WEST,Net Banking
ORD-01312,CUST-00071,2025-02-12,PLACED,NORTH,Cash on Delivery
ORD-01313,CUST-00143,2023-12-11,RETURNED,CENTRAL,Credit Card
ORD-01314,CUST-00119,2021-09-09,PLACED,CENTRAL,Cash on Delivery
ORD-01315,CUST-00234,2020-04-08,DELIVERED,NORTH,Net Banking
ORD-01316,CUST-00221,2021-10-07,DELIVERED,SOUTH,Debit Card
ORD-01317,CUST-00379,2024-08-02,RETURNED,NCR,Debit Card
ORD-01318,CUST-00138,2020-12-08,SHIPPED,WEST,Cash on Delivery
ORD-01319,CUST-00452,2026-02-02,PLACED,NCR,Cash on Delivery
ORD-01320,CUST-00215,2023-07-17,PLACED,NCR,Credit Card
ORD-01320,,14-12-2026,CANCELLED,WEST,UPI
ORD-01322,CUST-00388,2021-02-06,CANCELLED,WEST,Credit Card
ORD-01323,CUST-00047,2023-01-16,CANCELLED,NORTH,UPI
ORD-01324,CUST-00051,2020-02-07,PLACED,EAST,Cash on Delivery
ORD-01325,CUST-00273,2023-06-12,DELIVERED,NCR,Debit Card
ORD-01326,CUST-00489,2023-12-13,SHIPPED,CENTRAL,Debit Card
ORD-01327,CUST-00466,2023-01-28,SHIPPED,WEST,Net Banking
ORD-01328,CUST-00206,2020-11-06,DELIVERED,NORTH,Debit Card
ORD-01329,CUST-00362,2026-01-14,RETURNED,WEST,UPI
ORD-01330,CUST-00274,2021-06-30,SHIPPED,NCR,Cash on Delivery
ORD-00174,CUST-00093,2026-09-04,RETURNED,EAST,Cash on Delivery
ORD-01332,CUST-00127,2021-09-12,RETURNED,EAST,Debit Card
ORD-01333,CUST-00298,2023-07-03,SHIPPED,CENTRAL,Net Banking
ORD-01334,CUST-00392,2024-02-15,CANCELLED,SOUTH,Credit Card
ORD-01335,CUST-00363,2023-06-19,RETURNED,CENTRAL,Net Banking
ORD-01336,CUST-00280,2020-02-14,PLACED,SOUTH,Credit Card
ORD-01337,CUST-00026,2023-03-03,SHIPPED,SOUTH,Cash on Delivery
ORD-01338,CUST-00059,2023-10-05,CANCELLED,CENTRAL,Net Banking
ORD-01339,CUST-00226,2022-05-21,CANCELLED,EAST,UPI
ORD-01340,CUST-00099,2026-09-19,RETURNED,SOUTH,Cash on Delivery
ORD-01341,,2025-08-04,DELIVERED,NCR,Credit Card
ORD-01342,CUST-00257,2024-12-02,SHIPPED,CENTRAL,Net Banking
ORD-01343,CUST-00028,2026-02-23,DELIVERED,SOUTH,Cash on Delivery
ORD-01344,CUST-00210,2024-02-13,RETURNED,EAST,Net Banking
ORD-01345,CUST-00363,2026-12-12,DELIVERED,EAST,Debit Card
ORD-01346,CUST-00170,2021-10-30,DELIVERED,EAST,Net Banking
ORD-01347,CUST-00326,2023-06-02,SHIPPED,NORTH,Credit Card
ORD-01348,CUST-00456,2022-12-18,RETURNED,EAST,Debit Card
ORD-01349,CUST-00233,2024-01-27,CANCELLED,EAST,Cash on Delivery
ORD-01350,CUST-00499,2022-01-05,PLACED,EAST,Cash on Delivery
ORD-01351,CUST-00493,2020-01-14,RETURNED,WEST,Cash on Delivery
ORD-01352,CUST-00177,2024-02-22,CANCELLED,NCR,Credit Card
ORD-01353,CUST-00425,2023-03-22,SHIPPED,SOUTH,Credit Card
ORD-01354,CUST-00058,03-12-2025,CANCELLED,WEST,Debit Card
ORD-01355,CUST-00392,2026-09-18,DELIVERED,CENTRAL,Credit Card
ORD-01356,CUST-00124,2022-09-08,DELIVERED,NORTH,Credit Card
ORD-01357,CUST-00084,2021-02-10,SHIPPED,SOUTH,Cash on Delivery
ORD-01358,CUST-00296,2023-09-11,RETURNED,WEST,Cash on Delivery
ORD-01359,CUST-00374,2023-12-01,SHIPPED,NORTH,Net Banking
ORD-01360,CUST-00181,2020-07-03,DELIVERED,WEST,Credit Card
ORD-01361,,2026-08-12,PLACED,CENTRAL,Debit Card
ORD-01362,CUST-00476,2020-08-22,RETURNED,CENTRAL,Credit Card
ORD-01363,CUST-00314,2025-05-11,SHIPPED,NCR,Credit Card
ORD-01364,CUST-00275,2024-06-22,CANCELLED,NORTH,UPI
ORD-01365,CUST-00454,2024-05-31,RETURNED,NORTH,Debit Card
ORD-01366,CUST-00234,2021-10-13,SHIPPED,SOUTH,Debit Card
ORD-01367,CUST-00045,2022-12-16,PLACED,CENTRAL,Credit Card
ORD-01368,CUST-00368,2021-07-08,DELIVERED,NORTH,UPI
ORD-01369,CUST-00160,2022-12-02,CANCELLED,CENTRAL,Credit Card
ORD-01370,CUST-00289,2025-11-11,RETURNED,EAST,Credit Card
ORD-01371,CUST-00352,2023-06-25,RETURNED,NORTH,Debit Card
ORD-01372,CUST-00138,2026-12-03,SHIPPED,WEST,UPI
ORD-01373,CUST-00177,2025-03-19,PLACED,SOUTH,Debit Card
ORD-01374,CUST-00349,2026-09-20,CANCELLED,EAST,Credit Card
ORD-01375,CUST-00343,2020-06-09,SHIPPED,CENTRAL,Credit Card
ORD-01376,CUST-00464,2021-01-02,DELIVERED,SOUTH,Credit Card
ORD-01377,CUST-00429,2026-10-17,DELIVERED,SOUTH,Debit Card
ORD-01378,CUST-00443,2023-08-24,SHIPPED,CENTRAL,Credit Card
ORD-01379,CUST-00172,2026-11-17,CANCELLED,SOUTH,Credit Card
ORD-01380,CUST-00043,2020-05-30,CANCELLED,SOUTH,Cash on Delivery
ORD-01380,,2021-08-08,CANCELLED,CENTRAL,Cash on Delivery
ORD-01382,CUST-00103,2023-11-12,DELIVERED,CENTRAL,UPI
ORD-01383,CUST-00293,2022-07-05,PLACED,WEST,UPI
ORD-01384,CUST-00079,2026-05-11,RETURNED,WEST,Cash on Delivery
ORD-01385,CUST-00454,2026-08-27,PLACED,WEST,Debit Card
ORD-01386,CUST-00067,2024-10-02,CANCELLED,EAST,Credit Card
ORD-01387,CUST-00244,31-07-2024,CANCELLED,NORTH,Debit Card
ORD-01388,CUST-00152,2025-07-29,DELIVERED,WEST,Debit Card
ORD-01389,CUST-00062,2026-04-25,PLACED,NCR,UPI
ORD-01390,CUST-00448,2025-01-08,DELIVERED,CENTRAL,UPI
ORD-01391,CUST-00018,2023-08-23,RETURNED,NORTH,Credit Card
ORD-01392,CUST-00203,2023-04-07,SHIPPED,CENTRAL,Credit Card
ORD-01393,CUST-00400,2021-12-03,DELIVERED,WEST,Debit Card
ORD-01394,CUST-00196,2022-07-21,PLACED,NORTH,Cash on Delivery
ORD-01395,CUST-00260,2021-03-25,CANCELLED,NORTH,Net Banking
ORD-01396,CUST-00225,2026-07-26,CANCELLED,SOUTH,Credit Card
ORD-01397,CUST-00480,2022-05-29,DELIVERED,SOUTH,Cash on Delivery
ORD-01398,CUST-00094,2021-03-13,PLACED,NCR,UPI
ORD-01399,CUST-00458,2021-12-24,SHIPPED,NCR,UPI
ORD-01400,CUST-00188,2025-08-15,RETURNED,SOUTH,UPI
ORD-00069,,2026-11-22,RETURNED,CENTRAL,Net Banking
ORD-01402,CUST-00147,2020-06-27,CANCELLED,WEST,Cash on Delivery
ORD-01403,CUST-00026,2022-01-24,SHIPPED,WEST,Cash on Delivery
ORD-01404,CUST-00339,2024-08-23,CANCELLED,WEST,Net Banking
ORD-01405,CUST-00173,2020-08-14,DELIVERED,WEST,Net Banking
ORD-01406,CUST-00434,2026-09-08,RETURNED,NCR,Cash on Delivery
ORD-01407,CUST-00439,2021-05-08,CANCELLED,NCR,Credit Card
ORD-01408,CUST-00413,2020-11-13,SHIPPED,EAST,Credit Card
ORD-01409,CUST-00082,2021-08-19,DELIVERED,EAST,Cash on Delivery
ORD-01410,CUST-00312,2026-09-19,SHIPPED,SOUTH,Cash on Delivery
ORD-01411,CUST-00178,2024-02-06,PLACED,SOUTH,Debit Card
ORD-01412,CUST-00040,2026-09-20,CANCELLED,CENTRAL,Credit Card
ORD-01413,CUST-00081,2025-07-01,RETURNED,EAST,Cash on Delivery
ORD-01414,CUST-00400,2021-09-23,RETURNED,EAST,Debit Card
ORD-01415,CUST-00267,2021-11-25,DELIVERED,NORTH,Net Banking
ORD-01416,CUST-00181,2022-04-23,SHIPPED,SOUTH,Credit Card
ORD-01417,CUST-00432,2021-07-30,SHIPPED,SOUTH,Net Banking
ORD-01418,CUST-00417,2026-06-20,DELIVERED,WEST,UPI
ORD-01419,CUST-00159,2023-07-04,DELIVERED,SOUTH,Credit Card
ORD-01420,CUST-00374,12-03-2026,RETURNED,EAST,Net Banking
ORD-01421,,2020-09-21,DELIVERED,SOUTH,Debit Card
ORD-01422,CUST-00162,2024-08-23,CANCELLED,SOUTH,Net Banking
ORD-01423,CUST-00252,2024-05-24,PLACED,SOUTH,Credit Card
ORD-01424,CUST-00129,2024-06-09,SHIPPED,CENTRAL,Credit Card
ORD-01425,CUST-00162,2026-10-31,DELIVERED,CENTRAL,Net Banking
ORD-01426,CUST-00413,2024-11-12,RETURNED,NORTH,Debit Card
ORD-01427,CUST-00300,2024-02-14,DELIVERED,SOUTH,Net Banking
ORD-01428,CUST-00071,2022-10-06,RETURNED,WEST,Debit Card
ORD-01429,CUST-00296,2026-09-24,DELIVERED,EAST,Debit Card
ORD-01430,CUST-00166,2026-01-20,DELIVERED,SOUTH,Debit Card
ORD-01431,CUST-00493,2026-09-25,DELIVERED,NORTH,Cash on Delivery
ORD-01432,CUST-00189,2023-01-24,CANCELLED,CENTRAL,Net Banking
ORD-01433,CUST-00049,2024-05-28,CANCELLED,EAST,Cash on Delivery
ORD-01434,CUST-00396,2021-06-02,CANCELLED,CENTRAL,Credit Card
ORD-01435,CUST-00442,2022-09-30,SHIPPED,NCR,UPI
ORD-01436,CUST-00194,2024-02-02,PLACED,WEST,Credit Card
ORD-01437,CUST-00113,2020-07-17,PLACED,WEST,Cash on Delivery
ORD-01438,CUST-00080,2024-01-05,CANCELLED,CENTRAL,Debit Card
ORD-01439,CUST-00398,2023-12-18,RETURNED,WEST,Credit Card
ORD-01440,CUST-00236,2024-06-13,CANCELLED,CENTRAL,Debit Card
ORD-01440,,2026-08-12,PLACED,WEST,Net Banking
ORD-01442,CUST-00494,2022-06-30,RETURNED,NORTH,UPI
ORD-01443,CUST-00047,2026-01-28,SHIPPED,NORTH,Credit Card
ORD-01444,CUST-00147,2026-08-19,RETURNED,NCR,Net Banking
ORD-01445,CUST-00172,2023-12-25,CANCELLED,CENTRAL,Net Banking
ORD-01446,CUST-00247,2023-01-17,CANCELLED,EAST,Credit Card
ORD-01447,CUST-00046,2026-05-12,DELIVERED,EAST,Net Banking
ORD-01448,CUST-00302,2023-05-12,PLACED,CENTRAL,UPI
ORD-01449,CUST-00093,2026-09-11,CANCELLED,EAST,Credit Card
ORD-01450,CUST-00317,2025-05-26,CANCELLED,NCR,Net Banking
ORD-01451,CUST-00188,2022-05-25,PLACED,WEST,Credit Card
ORD-01452,CUST-00111,2024-12-26,RETURNED,SOUTH,Debit Card
ORD-01453,CUST-00049,01-03-2026,CANCELLED,SOUTH,Cash on Delivery
ORD-01454,CUST-00367,2020-01-17,SHIPPED,SOUTH,Debit Card
ORD-01455,CUST-00139,2022-09-18,PLACED,NCR,Net Banking
ORD-01456,CUST-00135,2023-06-13,SHIPPED,NCR,Credit Card
ORD-01457,CUST-00443,2022-12-09,DELIVERED,WEST,Net Banking
ORD-01458,CUST-00382,2026-11-04,CANCELLED,WEST,Cash on Delivery
ORD-01459,CUST-00156,2025-08-08,PLACED,SOUTH,Debit Card
ORD-01460,CUST-00272,2023-03-30,CANCELLED,WEST,Net Banking
ORD-01461,,2025-04-30,RETURNED,EAST,Credit Card
ORD-01462,CUST-00068,2024-06-27,PLACED,CENTRAL,Credit Card
ORD-01463,CUST-00108,2020-02-26,PLACED,NORTH,UPI
ORD-01464,CUST-00016,2021-03-16,RETURNED,SOUTH,Cash on Delivery
ORD-01465,CUST-00402,2024-02-23,DELIVERED,NORTH,Debit Card
ORD-01466,CUST-00397,2023-02-19,DELIVERED,NCR,Net Banking
ORD-01467,CUST-00291,2026-12-11,RETURNED,EAST,Debit Card
ORD-01468,CUST-00275,2023-04-07,DELIVERED,SOUTH,Net Banking
ORD-01469,CUST-00153,2026-08-26,PLACED,SOUTH,Debit Card
ORD-01470,CUST-00372,2025-09-20,CANCELLED,NCR,UPI
ORD-01469,CUST-00292,2020-12-09,DELIVERED,EAST,Credit Card
ORD-01472,CUST-00241,2026-01-22,DELIVERED,NCR,Cash on Delivery
ORD-01473,CUST-00441,2026-03-21,RETURNED,NORTH,Debit Card
ORD-01474,CUST-00306,2026-09-04,PLACED,EAST,Credit Card
ORD-01475,CUST-00384,2020-06-23,RETURNED,NORTH,Cash on Delivery
ORD-01476,CUST-00009,2024-09-23,SHIPPED,WEST,Cash on Delivery
ORD-01477,CUST-00012,2025-12-25,RETURNED,NORTH,UPI
ORD-01478,CUST-00432,2022-08-13,SHIPPED,EAST,Cash on Delivery
ORD-01479,CUST-00478,2025-12-30,PLACED,NORTH,Debit Card
ORD-01480,CUST-00155,2020-12-02,CANCELLED,NCR,Debit Card
ORD-01481,,2021-12-21,SHIPPED,NORTH,UPI
ORD-01482,CUST-00307,2020-01-05,DELIVERED,CENTRAL,UPI
ORD-01483,CUST-00131,2022-01-19,SHIPPED,SOUTH,UPI
ORD-01484,CUST-00466,2021-05-19,CANCELLED,CENTRAL,UPI
ORD-01485,CUST-00479,2025-12-22,DELIVERED,EAST,Credit Card
ORD-01486,CUST-00158,13-03-2024,RETURNED,EAST,Credit Card
ORD-01487,CUST-00359,2021-07-15,DELIVERED,NORTH,UPI
ORD-01488,CUST-00127,2024-02-05,PLACED,NORTH,UPI
ORD-01489,CUST-00403,2024-04-30,CANCELLED,NCR,Credit Card
ORD-01490,CUST-00217,2025-01-15,CANCELLED,CENTRAL,Credit Card
ORD-01491,CUST-00440,2025-11-05,SHIPPED,EAST,Debit Card
ORD-01492,CUST-00439,2024-11-03,RETURNED,CENTRAL,UPI
ORD-01493,CUST-00224,2024-10-24,DELIVERED,NCR,Cash on Delivery
ORD-01494,CUST-00080,2024-12-14,CANCELLED,NORTH,Cash on Delivery
ORD-01495,CUST-00220,2021-01-11,SHIPPED,CENTRAL,Net Banking
ORD-01496,CUST-00347,2021-12-15,CANCELLED,SOUTH,Debit Card
ORD-01497,CUST-00417,2025-02-27,PLACED,NCR,Debit Card
ORD-01498,CUST-00369,2025-05-25,SHIPPED,CENTRAL,Net Banking
ORD-01499,CUST-00253,2022-12-10,RETURNED,EAST,Cash on Delivery
ORD-01500,CUST-00223,2021-07-30,RETURNED,CENTRAL,UPI
