product_id,product_name,category,subcategory,brand,cost_price,selling_price,stock_quantity
PROD-00001,    ORBIT  OUTDOOR  MINIMA    ,Toys,Outdoor,Orbit,513.11,864.86,-13
PROD-00002,Orbit Office Odio,Furniture,Office,Orbit,2937.88,4009.88,51
PROD-00003,Bright Men Voluptate,Clothing,Men,Bright,2973.57,5023.52,61
PROD-00004,Summit Accessories Vitae,Electronics,Accessories,Summit,1292.4,1880.62,167
PROD-00005,Orbit Wellness Fuga,Beauty,Wellness,Orbit,2492.93,3036.67,171
PROD-00006,Nova Mobile Quisquam,Electronics,Mobile,Nova,1513.94,3161.42,58
PROD-00007,Bright Educational Deserunt,Toys,Educational,Bright,843.59,1998.32,157
PROD-00008,Zenith Wearables Eaque,Electronics,Wearables,Zenith,198.43,347.96,177
PROD-00009,River Accessories Velit,Electronics,Accessories,River,3482.65,7498.55,203
PROD-00010,Zenith Comics Ipsam,Books,Comics,Zenith,3359.6,5120.98,154
PROD-00011,River Women Magni,Clothing,Women,River,1234.09,2341.92,71
PROD-00012,Orbit Lighting Voluptate,Home,Lighting,Orbit,280.65,648.02,138
PROD-00013,Mira Women Ipsam,Clothing,Women,Mira,747.32,1063.91,105
PROD-00014,Orbit Plush Debitis,Toys,Plush,Orbit,2626.76,5900.51,143
PROD-00015,River Fragrance Temporibus,Beauty,Fragrance,River,1835.35,4191.47,201
PROD-00016,Urban Accessories Quibusdam,Electronics,Accessories,Urban,538.72,1170.54,172
PROD-00017,Urban Comics Quo,Books,Comics,Urban,1814.47,2441.21,43
PROD-00018,Zenith Haircare Eius,Beauty,Haircare,Zenith,1075.09,2190.77,23
PROD-00019,Nova Skincare Alias,Beauty,Skincare,Nova,431.25,684.17,197
PROD-00020,Apex Plush Perspiciatis,Toys,Plush,Apex,1056.91,1948.71,168
PROD-00021,River Kitchen Architecto,Home,Kitchen,River,1685.84,3442.09,54
PROD-00022,Mira Academic Mollitia,Books,Academic,Mira,973.17,1278.33,187
PROD-00023,Urban Outdoor Officia,Sports,Outdoor,Urban,214.83,499.06,78
PROD-00024,  summit bedding vel  ,Home,Bedding,Summit,381.52,724.95,196
PROD-00025,Nova Technology Iusto,Books,Technology,Nova,221.89,354.72,158
PROD-00026,Summit Technology Optio,Books,Technology,Summit,308.17,729.71,3
PROD-00027,Apex Wellness Minima,Beauty,Wellness,Apex,3222.18,5875.35,138
PROD-00028,Orbit Technology Repellat,Books,Technology,Orbit,2848.05,4677.53,69
PROD-00029,Apex Plush Possimus,Toys,Plush,Apex,2066.62,2433.39,16
PROD-00030,River Makeup Voluptatem,Beauty,Makeup,River,921.13,1660.48,166
PROD-00031,Nova Bedding Suscipit,Home,Bedding,Nova,1343.03,2392.58,196
PROD-00032,rIVER fICTION dOLORUM,Books,Fiction,River,456.87,1065.3,15
PROD-00033,Apex Audio Sit,Electronics,Audio,Apex,928.3,1360.33,202
PROD-00034,River Accessories Quas,Sports,Accessories,River,2216.3,2862.26,162
PROD-00035,Nexa Fragrance Dolores,Beauty,Fragrance,Nexa,303.23,619.95,161
PROD-00036,River Comics Iure,Books,Comics,River,2194.58,4667.51,66
PROD-00037,River Storage Iure,Furniture,Storage,River,2750.11,3609.56,81
PROD-00038,Bright Audio Beatae,Electronics,Audio,Bright,3296.07,7364.65,50
PROD-00039,Apex Living Room A,Furniture,Living Room,Apex,2667.83,6263.51,82
PROD-00040,Urban Fiction Dignissimos,Books,Fiction,Urban,203.98,276.96,120
PROD-00041,River Fitness Voluptates,Sports,Fitness,River,901.44,1962.68,151
PROD-00042,Apex  Outdoor  Temporibus,Sports,Outdoor,Apex,172.16,383.93,36
PROD-00043,Urban Accessories Aperiam,Electronics,Accessories,Urban,3258.15,5575.65,192
PROD-00044,River Lighting Velit,Home,Lighting,River,2218.07,4088.8,12
PROD-00045,Urban Laptop Cumque,Electronics,Laptop,Urban,570.31,803.99,183
PROD-00046,Nexa Audio Officia,Electronics,Audio,Nexa,1699.35,2553.73,71
PROD-00047,  mira wearables blanditiis  ,Electronics,Wearables,Mira,3196.11,3974.92,15
PROD-00048,Nova Plush Dolorem,Toys,Plush,Nova,3588.2,7632.32,201
PROD-00049,Summit Activity Cupiditate,Toys,Activity,Summit,3261.16,5841.33,206
PROD-00050,Zenith Men Corporis,Clothing,Men,Zenith,371.6,634.22,121
PROD-00051,River Skincare Officiis,Beauty,Skincare,River,2735.98,6112.32,27
PROD-00052,Mira Fragrance Doloribus,Beauty,Fragrance,Mira,1035.21,1552.47,213
PROD-00053,Bright Technology Molestiae,Books,Technology,Bright,296.12,388.26,154
PROD-00054,Orbit Outdoor Odit,Toys,Outdoor,Orbit,842.01,1581.67,217
PROD-00055,Zenith Technology Nam,Books,Technology,Zenith,1777.75,3061.79,139
PROD-00056,Zenith Technology Nam,Books,Technology,Zenith,1777.75,3061.79,139
PROD-00057,Mira Women Aut,Clothing,Women,Mira,143.42,282.39,167
PROD-00058,Zenith Indoor Quae,Sports,Indoor,Zenith,637.75,1175.18,178
PROD-00059,Orbit Outdoor Consequuntur,Sports,Outdoor,Orbit,1140.09,2511.6,6
PROD-00060,Bright Dining Et,Furniture,Dining,Bright,99.52,237.1,210
PROD-00061,Mira Accessories Rem,Sports,Accessories,Mira,2798.48,5463.54,121
PROD-00062,Nova Storage Quas,Furniture,Storage,Nova,828.65,1862.58,76
PROD-00063,sUMMIT mEN fUGIT,Clothing,Men,Summit,2894.2,3476.49,106
PROD-00064,Apex Men Natus,Clothing,Men,Apex,658.53,1420.54,195
PROD-00065,Mira Women Aperiam,Clothing,Women,Mira,110.71,216.13,61
PROD-00066,Nova Haircare Blanditiis,Beauty,Haircare,Nova,2400.08,3693.95,144
PROD-00067,Nova Plush Molestiae,Toys,Plush,Nova,1069.11,1617.12,196
PROD-00068,Orbit Bedroom Ipsam,Furniture,Bedroom,Orbit,257.81,433.18,54
PROD-00069,Summit Fiction Autem,Books,Fiction,Summit,1583.41,2053.29,143
PROD-00070,  bright living room odit  ,Furniture,Living Room,Bright,3009.25,3934.05,118
PROD-00071,Summit Wellness Dolorem,Beauty,Wellness,Summit,2321.96,4148.68,166
PROD-00072,Apex Educational Ad,Toys,Educational,Apex,2105.79,3019.13,10
PROD-00073,Nova Decor Tenetur,Home,Decor,Nova,2419.63,4239.87,68
PROD-00074,Nexa Technology Optio,Books,Technology,Nexa,1848.8,3663.87,166
PROD-00075,Bright Living Room Sequi,Furniture,Living Room,Bright,3276.44,7351.88,169
PROD-00076,River Makeup Earum,Beauty,Makeup,River,2605.72,4130.22,200
PROD-00077,Zenith Indoor Delectus,Sports,Indoor,Zenith,3261.49,7464.15,162
PROD-00078,Zenith Lighting Excepturi,Home,Lighting,Zenith,3063.73,3922.2,-6
PROD-00079,Nexa Accessories Aspernatur,Electronics,Accessories,Nexa,2485.8,4446.68,74
PROD-00080,Apex Wearables Velit,Electronics,Wearables,Apex,707.98,983.86,98
PROD-00081,Nexa Fitness Deleniti,Sports,Fitness,Nexa,939.4,1927.03,35
PROD-00082,River Skincare Distinctio,Beauty,Skincare,River,1849.14,2270.75,143
PROD-00083,Urban  Makeup  Atque,Beauty,Makeup,Urban,192.12,345.94,137
PROD-00084,Zenith Storage Blanditiis,Furniture,Storage,Zenith,784.01,1719.57,56
PROD-00085,Apex Kitchen Odit,Home,Kitchen,Apex,3277.62,3784.69,104
PROD-00086,Summit Plush Deleniti,Toys,Plush,Summit,735.18,1420.37,63
PROD-00087,Orbit Plush In,Toys,Plush,Orbit,2981.32,5028.44,160
PROD-00088,Zenith Wellness Voluptatum,Beauty,Wellness,Zenith,3214.79,5887.37,175
PROD-00089,Bright Footwear Minus,Clothing,Footwear,Bright,3341.6,4449.54,215
PROD-00090,Orbit Plush Natus,Toys,Plush,Orbit,2040.43,3622.72,213
PROD-00091,Mira Living Room Eligendi,Furniture,Living Room,Mira,1418.25,1971.4,31
PROD-00092,Apex Footwear Doloribus,Clothing,Footwear,Apex,2273.37,4680.38,56
PROD-00093,  zenith fitness dignissimos  ,Sports,Fitness,Zenith,2055.92,4537.04,58
PROD-00094,mIRA sTORAGE eA,Home,Storage,Mira,1135.21,1981.08,6
PROD-00095,River Men Atque,Clothing,Men,River,367.36,660.2,174
PROD-00096,Nova Office Suscipit,Furniture,Office,Nova,2229.48,3841.63,1
PROD-00097,Bright Fiction Necessitatibus,Books,Fiction,Bright,3117.54,4828.28,157
PROD-00098,Mira Plush Amet,Toys,Plush,Mira,3399.43,7265.55,3
PROD-00099,Summit Haircare Ullam,Beauty,Haircare,Summit,1141.3,2163.42,153
PROD-00100,Orbit Living Room Ratione,Furniture,Living Room,Orbit,2910.61,3410.05,204
PROD-00101,Urban Bedroom Minus,Furniture,Bedroom,Urban,94.25,140.89,204
PROD-00102,Orbit Wearables Alias,Electronics,Wearables,Orbit,3559.29,7029.19,171
PROD-00103,Zenith Footwear Recusandae,Clothing,Footwear,Zenith,2089.19,2974.6,212
PROD-00104,Nova Wellness Non,Beauty,Wellness,Nova,3205.82,5829.58,165
PROD-00105,Mira Fiction Facilis,Books,Fiction,Mira,564.84,657.95,27
PROD-00106,River Audio Quia,Electronics,Audio,River,3204.23,7015.76,136
PROD-00107,River Fragrance Quam,Beauty,Fragrance,River,2001.82,3942.02,122
PROD-00108,Urban Skincare Sint,Beauty,Skincare,Urban,683.29,1096.75,181
PROD-00109,Nexa Indoor Accusantium,Sports,Indoor,Nexa,815.36,1378.01,42
PROD-00110,River Seasonal Officia,Clothing,Seasonal,River,2843.85,5700.99,0
PROD-00111,River Seasonal Officia,Clothing,Seasonal,River,2843.85,5700.99,0
PROD-00112,Nova Seasonal Soluta,Clothing,Seasonal,Nova,3052.8,6287.32,76
PROD-00113,Apex Cycling Laboriosam,Sports,Cycling,Apex,120.08,244.11,30
PROD-00114,River Outdoor Fugit,Toys,Outdoor,River,1266.04,3019.81,115
PROD-00115,River Plush Accusamus,Toys,Plush,River,2064.61,3653.86,209
PROD-00116,  nova wellness atque  ,Beauty,Wellness,Nova,3257.05,3963.92,71
PROD-00117,Zenith Wellness Ut,Beauty,Wellness,Zenith,3161.41,7547.0,131
PROD-00118,River Skincare Maxime,Beauty,Skincare,River,1842.35,2772.43,39
PROD-00119,Nexa Makeup Quod,Beauty,Makeup,Nexa,1556.72,2161.19,137
PROD-00120,River Women Cum,Clothing,Women,River,1984.18,4287.46,148
PROD-00121,Mira Skincare Doloribus,Beauty,Skincare,Mira,3404.34,6504.2,157
PROD-00122,Bright Mobile Labore,Electronics,Mobile,Bright,225.77,288.62,112
PROD-00123,River Bedding Natus,Home,Bedding,River,567.22,770.13,38
PROD-00124,Summit  Accessories  Velit,Electronics,Accessories,Summit,3098.15,4114.92,35
PROD-00125,oRBIT fRAGRANCE cULPA,Beauty,Fragrance,Orbit,1337.98,2083.03,74
PROD-00126,Orbit Cycling Doloribus,Sports,Cycling,Orbit,1055.87,1843.96,29
PROD-00127,Mira Makeup Quis,Beauty,Makeup,Mira,2634.79,4936.23,19
PROD-00128,Nova Bedding Excepturi,Home,Bedding,Nova,3094.6,6440.84,201
PROD-00129,Bright Fragrance Et,Beauty,Fragrance,Bright,2266.82,2994.51,80
PROD-00130,Urban Educational Harum,Toys,Educational,Urban,2949.73,4608.98,178
PROD-00131,Summit Bedding Ab,Home,Bedding,Summit,2452.22,4699.82,184
PROD-00132,Nexa Academic Culpa,Books,Academic,Nexa,2725.39,5093.6,188
PROD-00133,Urban Comics Dolore,Books,Comics,Urban,2934.53,5897.18,107
PROD-00134,Summit Haircare Ut,Beauty,Haircare,Summit,1725.65,2014.54,123
PROD-00135,Urban Accessories Ea,Electronics,Accessories,Urban,2223.78,2558.06,29
PROD-00136,Zenith Wellness Consequuntur,Beauty,Wellness,Zenith,567.12,679.51,41
PROD-00137,Bright Kids Quasi,Clothing,Kids,Bright,83.93,182.54,12
PROD-00138,Mira STEM Ipsa,Toys,STEM,Mira,261.3,440.34,184
PROD-00139,  orbit living room harum  ,Furniture,Living Room,Orbit,1006.42,2408.45,121
PROD-00140,Urban Laptop Voluptas,Electronics,Laptop,Urban,276.73,517.77,213
PROD-00141,Apex Decor Possimus,Home,Decor,Apex,3548.16,7807.51,98
PROD-00142,Mira Fitness Cumque,Sports,Fitness,Mira,934.04,1204.04,8
PROD-00143,Mira STEM Totam,Toys,STEM,Mira,195.48,340.62,163
PROD-00144,Urban Comics Fugiat,Books,Comics,Urban,1983.04,3654.33,182
PROD-00145,River Haircare Tenetur,Beauty,Haircare,River,756.02,1576.0,97
PROD-00146,River Fiction Repellendus,Books,Fiction,River,193.06,333.46,15
PROD-00147,Apex Indoor At,Sports,Indoor,Apex,1117.72,1408.68,210
PROD-00148,Nova Mobile Rerum,Electronics,Mobile,Nova,2344.28,4506.33,28
PROD-00149,Bright Plush Omnis,Toys,Plush,Bright,97.77,146.98,75
PROD-00150,Summit Kids Beatae,Clothing,Kids,Summit,388.75,470.3,19
PROD-00151,Summit STEM Recusandae,Toys,STEM,Summit,2816.7,3491.95,183
PROD-00152,Bright Storage Sapiente,Furniture,Storage,Bright,1657.16,2983.35,15
PROD-00153,Apex Living Room Dicta,Furniture,Living Room,Apex,449.07,958.45,29
PROD-00154,Nexa Fragrance Similique,Beauty,Fragrance,Nexa,3226.98,7171.58,36
PROD-00155,Mira Office Perspiciatis,Furniture,Office,Mira,1893.94,3725.13,-15
PROD-00156,zENITH sTORAGE cUM,Furniture,Storage,Zenith,1676.86,1951.05,120
PROD-00157,Urban Indoor Qui,Sports,Indoor,Urban,977.89,2160.55,59
PROD-00158,Summit Comics Ab,Books,Comics,Summit,3422.94,7207.9,201
PROD-00159,Mira Fiction Dolore,Books,Fiction,Mira,1388.96,2484.25,68
PROD-00160,River Dining Quas,Furniture,Dining,River,2452.59,3793.75,107
PROD-00161,River Kitchen Quibusdam,Home,Kitchen,River,2984.57,6768.72,147
PROD-00162,  mira storage maxime  ,Furniture,Storage,Mira,3564.0,6729.76,102
PROD-00163,Nova Self-Help Odit,Books,Self-Help,Nova,1351.48,2590.44,126
PROD-00164,River Outdoor Est,Sports,Outdoor,River,1973.98,2894.78,56
PROD-00165,Nova  Accessories  Beatae,Sports,Accessories,Nova,803.79,997.39,218
PROD-00166,Nova  Accessories  Beatae,Sports,Accessories,Nova,803.79,997.39,218
PROD-00167,Mira Office Facere,Furniture,Office,Mira,1164.77,2237.65,6
PROD-00168,Bright Fiction Quis,Books,Fiction,Bright,1845.27,3610.42,170
PROD-00169,Nexa Comics Velit,Books,Comics,Nexa,521.48,949.27,1
PROD-00170,Mira Seasonal Facere,Clothing,Seasonal,Mira,640.92,1166.19,129
PROD-00171,River Footwear Eius,Clothing,Footwear,River,1195.03,2303.21,204
PROD-00172,Bright Wearables Neque,Electronics,Wearables,Bright,1415.7,2895.64,166
PROD-00173,Zenith Accessories Quidem,Sports,Accessories,Zenith,760.89,1526.91,136
PROD-00174,Nova Kitchen Sunt,Home,Kitchen,Nova,2462.4,4994.84,85
PROD-00175,Orbit Accessories Necessitatibus,Sports,Accessories,Orbit,3458.57,3988.99,153
PROD-00176,Mira Wearables Quos,Electronics,Wearables,Mira,2376.68,2892.98,118
PROD-00177,Zenith Fragrance Cum,Beauty,Fragrance,Zenith,3190.74,4930.07,167
PROD-00178,Bright Wearables Quo,Electronics,Wearables,Bright,882.33,1752.69,163
PROD-00179,Apex Audio Accusantium,Electronics,Audio,Apex,1474.31,2554.04,143
PROD-00180,Nexa Women Ratione,Clothing,Women,Nexa,1032.16,1753.58,84
PROD-00181,Bright Academic Quo,Books,Academic,Bright,766.58,1712.15,216
PROD-00182,River Audio Quos,Electronics,Audio,River,1474.74,2646.21,88
PROD-00183,Urban Kids Architecto,Clothing,Kids,Urban,427.4,613.28,92
PROD-00184,Summit Accessories Amet,Electronics,Accessories,Summit,987.32,2157.78,147
PROD-00185,  orbit educational alias  ,Toys,Educational,Orbit,2257.68,3338.03,210
PROD-00186,Orbit Indoor Cum,Sports,Indoor,Orbit,1190.11,2537.92,146
PROD-00187,nEXA stem qUISQUAM,Toys,STEM,Nexa,3580.38,5393.04,25
PROD-00188,Nova Wellness Nihil,Beauty,Wellness,Nova,3437.35,6942.07,208
PROD-00189,Apex Self-Help Nam,Books,Self-Help,Apex,2761.62,4546.81,58
PROD-00190,Orbit Laptop Eaque,Electronics,Laptop,Orbit,1011.7,1225.25,185
PROD-00191,Nexa Indoor Officiis,Sports,Indoor,Nexa,2902.43,5608.57,79
PROD-00192,Urban Living Room Modi,Furniture,Living Room,Urban,2064.77,2947.76,195
PROD-00193,Nova Storage Voluptate,Home,Storage,Nova,2465.78,5597.55,23
PROD-00194,Nexa STEM Fuga,Toys,STEM,Nexa,328.05,634.75,103
PROD-00195,Zenith Self-Help Nobis,Books,Self-Help,Zenith,1152.71,2505.32,81
PROD-00196,Urban Indoor Ratione,Sports,Indoor,Urban,1955.55,2718.1,9
PROD-00197,Bright Skincare Adipisci,Beauty,Skincare,Bright,817.85,993.11,99
PROD-00198,Zenith Kids Unde,Clothing,Kids,Zenith,1054.49,2038.65,168
PROD-00199,River Wearables Alias,Electronics,Wearables,River,2906.88,3805.49,97
PROD-00200,Nexa Footwear Illo,Clothing,Footwear,Nexa,2806.33,5007.19,52
PROD-00201,River Storage Porro,Home,Storage,River,1923.69,4380.14,192
PROD-00202,Mira Bedroom Porro,Furniture,Bedroom,Mira,2113.7,3144.77,6
PROD-00203,Apex Bedroom Itaque,Furniture,Bedroom,Apex,2937.94,4784.69,187
PROD-00204,Bright Cycling Laudantium,Sports,Cycling,Bright,1215.69,2211.75,102
PROD-00205,Nova Fragrance Magnam,Beauty,Fragrance,Nova,956.3,2290.52,105
PROD-00206,Apex  Fitness  Facilis,Sports,Fitness,Apex,2466.95,2838.2,194
PROD-00207,Zenith Laptop Minus,Electronics,Laptop,Zenith,1251.88,1466.97,79
PROD-00208,  summit academic placeat  ,Books,Academic,Summit,1655.12,2303.27,121
PROD-00209,Mira Fragrance Deleniti,Beauty,Fragrance,Mira,435.65,855.28,93
PROD-00210,Nova Fitness Nostrum,Sports,Fitness,Nova,2712.42,5945.61,24
PROD-00211,Urban Office Nulla,Furniture,Office,Urban,2248.81,4202.88,207
PROD-00212,Nova Laptop Accusamus,Electronics,Laptop,Nova,994.69,2337.36,64
PROD-00213,Summit Outdoor Similique,Toys,Outdoor,Summit,2603.76,4810.14,179
PROD-00214,Nova Dining Velit,Furniture,Dining,Nova,200.64,479.15,33
PROD-00215,Summit Bedroom Quaerat,Furniture,Bedroom,Summit,2888.97,4719.35,204
PROD-00216,River Audio Eligendi,Electronics,Audio,River,1855.25,2212.47,166
PROD-00217,Zenith Comics Totam,Books,Comics,Zenith,394.34,871.94,174
PROD-00218,sUMMIT fITNESS vERO,Sports,Fitness,Summit,2033.52,3790.44,48
PROD-00219,Zenith Wearables Molestiae,Electronics,Wearables,Zenith,2991.93,4594.61,169
PROD-00220,River STEM Aliquam,Toys,STEM,River,1172.82,1363.81,202
PROD-00221,River STEM Aliquam,Toys,STEM,River,1172.82,1363.81,202
PROD-00222,Nexa Bedding Nihil,Home,Bedding,Nexa,2732.55,3772.02,60
PROD-00223,Summit Haircare Occaecati,Beauty,Haircare,Summit,1090.26,2076.31,75
PROD-00224,Nexa Decor Dolor,Home,Decor,Nexa,2541.92,3663.65,106
PROD-00225,Nexa Kitchen Illum,Home,Kitchen,Nexa,2679.76,6429.35,135
PROD-00226,Mira Laptop Repellat,Electronics,Laptop,Mira,2065.19,2823.48,52
PROD-00227,Nova STEM Libero,Toys,STEM,Nova,90.18,190.6,173
PROD-00228,Zenith Lighting Corporis,Home,Lighting,Zenith,3098.29,4561.54,201
PROD-00229,Nexa Women Omnis,Clothing,Women,Nexa,347.98,807.11,36
PROD-00230,River Kids Eligendi,Clothing,Kids,River,2538.68,3792.79,185
PROD-00231,  summit men repellendus  ,Clothing,Men,Summit,1158.95,2599.44,142
PROD-00232,River Outdoor Omnis,Sports,Outdoor,River,2806.21,5518.19,-1
PROD-00233,Apex Dining Recusandae,Furniture,Dining,Apex,910.29,1481.64,158
PROD-00234,Bright Haircare Amet,Beauty,Haircare,Bright,2868.61,3565.26,151
PROD-00235,Nova Accessories Atque,Sports,Accessories,Nova,172.07,201.26,0
PROD-00236,Nexa Office Voluptatem,Furniture,Office,Nexa,797.54,1638.14,128
PROD-00237,Zenith Outdoor Inventore,Sports,Outdoor,Zenith,2568.14,3527.7,103
PROD-00238,Mira Indoor Nihil,Sports,Indoor,Mira,2272.12,2998.31,180
PROD-00239,Zenith Audio Explicabo,Electronics,Audio,Zenith,807.54,1443.3,27
PROD-00240,Zenith Wellness Perspiciatis,Beauty,Wellness,Zenith,1304.91,2148.57,10
PROD-00241,River Audio Natus,Electronics,Audio,River,1278.04,2362.53,38
PROD-00242,Nova Bedding Iusto,Home,Bedding,Nova,1067.08,2212.98,15
PROD-00243,River Decor Sequi,Home,Decor,River,1986.47,4134.65,105
PROD-00244,Nova Wearables Exercitationem,Electronics,Wearables,Nova,998.15,1272.69,100
PROD-00245,Zenith Technology Optio,Books,Technology,Zenith,1062.37,1810.18,128
PROD-00246,Bright Haircare Consequuntur,Beauty,Haircare,Bright,1048.61,1511.69,135
PROD-00247,Nexa  Women  Modi,Clothing,Women,Nexa,1909.02,3423.55,24
PROD-00248,Orbit Women Nesciunt,Clothing,Women,Orbit,2725.6,5386.7,11
PROD-00249,rIVER iNDOOR dOLORUM,Sports,Indoor,River,1508.76,2460.6,203
PROD-00250,Nexa Plush Ipsum,Toys,Plush,Nexa,3024.51,5815.67,114
PROD-00251,Urban Decor Vel,Home,Decor,Urban,939.4,1888.61,74
PROD-00252,Apex Academic Dolorum,Books,Academic,Apex,317.71,649.17,119
PROD-00253,Apex Skincare Voluptatibus,Beauty,Skincare,Apex,509.52,1154.69,168
PROD-00254,  summit audio quod  ,Electronics,Audio,Summit,2803.6,6051.92,137
PROD-00255,Bright Lighting Earum,Home,Lighting,Bright,3588.8,4268.02,107
PROD-00256,Orbit Wellness Veniam,Beauty,Wellness,Orbit,523.05,813.15,153
PROD-00257,Apex Wearables Dolore,Electronics,Wearables,Apex,396.37,770.87,111
PROD-00258,Zenith Women Quas,Clothing,Women,Zenith,3134.38,3721.61,45
PROD-00259,Apex Wellness Minima,Beauty,Wellness,Apex,1267.87,2676.91,194
PROD-00260,Nova Storage Ad,Furniture,Storage,Nova,2100.6,3939.83,102
PROD-00261,Bright Fitness Fuga,Sports,Fitness,Bright,3220.72,6099.45,56
PROD-00262,Orbit Activity Beatae,Toys,Activity,Orbit,2761.45,3797.6,51
PROD-00263,Bright Outdoor Voluptatem,Sports,Outdoor,Bright,183.58,393.3,147
PROD-00264,River Lighting Cum,Home,Lighting,River,1634.75,2720.74,204
PROD-00265,Bright Comics Itaque,Books,Comics,Bright,1173.59,2184.59,43
PROD-00266,Nexa STEM Dolores,Toys,STEM,Nexa,569.88,1330.75,40
PROD-00267,Apex Storage Esse,Furniture,Storage,Apex,605.64,1150.24,55
PROD-00268,Summit Fiction Praesentium,Books,Fiction,Summit,2319.46,2997.74,162
PROD-00269,Urban Bedroom Cum,Furniture,Bedroom,Urban,109.29,204.0,96
PROD-00270,Urban Wearables Ab,Electronics,Wearables,Urban,1362.95,2810.8,25
PROD-00271,Orbit Audio In,Electronics,Audio,Orbit,2038.8,2894.92,28
PROD-00272,Nexa Accessories Quisquam,Sports,Accessories,Nexa,2132.95,3701.76,68
PROD-00273,Mira Bedding Laudantium,Home,Bedding,Mira,2030.56,3355.15,160
PROD-00274,River Women Dolorem,Clothing,Women,River,3211.05,6842.87,21
PROD-00275,River Bedding Repellendus,Home,Bedding,River,2673.24,4598.04,29
PROD-00276,River Bedding Repellendus,Home,Bedding,River,2673.24,4598.04,29
PROD-00277,  bright footwear sed  ,Clothing,Footwear,Bright,562.98,1018.33,178
PROD-00278,River Wearables Dolorum,Electronics,Wearables,River,577.86,672.17,219
PROD-00279,Nova Makeup Ullam,Beauty,Makeup,Nova,2910.3,6260.94,85
PROD-00280,aPEX fICTION dOLORE,Books,Fiction,Apex,1670.13,2677.66,74
PROD-00281,Mira Bedroom Porro,Furniture,Bedroom,Mira,1310.51,2173.36,24
PROD-00282,Orbit Outdoor Minima,Toys,Outdoor,Orbit,2630.03,4872.9,145
PROD-00283,Summit Bedding Sapiente,Home,Bedding,Summit,730.83,1301.04,203
PROD-00284,Urban Self-Help Temporibus,Books,Self-Help,Urban,3047.79,4245.91,206
PROD-00285,Summit Audio Rerum,Electronics,Audio,Summit,1488.78,2089.38,171
PROD-00286,Apex Educational Occaecati,Toys,Educational,Apex,886.68,1565.52,175
PROD-00287,Mira Kids Similique,Clothing,Kids,Mira,3160.26,5157.62,100
PROD-00288,Urban  Makeup  Nisi,Beauty,Makeup,Urban,3517.36,5961.06,12
PROD-00289,Apex Women Totam,Clothing,Women,Apex,649.98,886.46,52
PROD-00290,Nova Office Sed,Furniture,Office,Nova,3412.87,4172.79,97
PROD-00291,Mira Academic Minima,Books,Academic,Mira,3390.31,5726.45,220
PROD-00292,River Audio Illo,Electronics,Audio,River,1144.16,2037.42,159
PROD-00293,Apex Accessories Libero,Sports,Accessories,Apex,2727.21,5110.57,80
PROD-00294,Summit Technology Beatae,Books,Technology,Summit,272.01,394.79,218
PROD-00295,Summit Fragrance Quaerat,Beauty,Fragrance,Summit,1930.52,3533.62,167
PROD-00296,Summit Decor Ad,Home,Decor,Summit,3499.48,6188.99,208
PROD-00297,Nexa Men Sit,Clothing,Men,Nexa,2617.87,5011.57,10
PROD-00298,Zenith Office A,Furniture,Office,Zenith,1566.43,3036.97,158
PROD-00299,River Accessories Reprehenderit,Electronics,Accessories,River,1439.84,2604.74,93
PROD-00300,  river academic voluptatum  ,Books,Academic,River,806.44,1888.88,79
